Q104217167|İlkin Aydın|2000-01-05|ilkinaydn|||Turkey
Q105706252|Lee Won-jeong|2000-01-12|lee_won_jeong|||South Korea
Q105706337|Lee Hyun|2001-10-04|dl_gus_|||South Korea
Q106776104|Rebecca Piva|2001-05-01|rebepiva|||Italy
Q108109787|Kotomi Ōsaki|2000-08-23|k_osk23|||Japan
Q108110401|Yoshino Nishikawa|2002-09-10|_910ny|||Japan
Q108110570|Hinata Shigihara|2001-02-25|___h.i.n.a.t.a.___|||Japan
Q108771081|Juliette Gelin|2001-11-02|||juju_gelin|France
Q109596239|Madoka Kashimura|2002-11-06|ksmr.mdk1106|mnynMmE565SNojT||Japan
Q111696564|Andréa Mimosette Moussol|2000-01-07|andreamimosette|||Cameroon
Q112898157|Key Alves|2000-01-08|key.alvees|key_alvees||Brazil
Q113555859|Alexa Hendricks|2001-02-09|achendricks|ahendricks7|achendricks|United States
Q126871052|Dana Shawky|2000-10-04|dana_shawky||danashawky6|Egypt
Q130789151|Cara Lewis|2001-01-07|_cxrx_|||United States
Q134029261|Jimena Fernández Gayoso|2001-09-07|||jimmygayoso2|Spain
Q135236362|Laura Gnjatović|2002-02-23|lauragnjatovic|||Croatia
Q56250371|Bianca Farriol|2001-12-18|||biancafarriol11|Argentina
Q56635650|Sarah Fahr|2001-09-12|sarahluisafahr|||Italy
Q57058850|Demi Korevaar|2000-08-09|demikorevaar|||Kingdom of the Netherlands
Q57087669|Ruth Manuela Marie Bibinbe|2002-04-23|manu_bibinbe_|||Cameroon
Q59705403|Delfina Villar|2000-05-12||delfinavillar1||Argentina
Q61667862|Ezgi Kara|2000-12-27|ezgikara99|||Turkey
Q67179805|Nada Essaiadi|2000-03-03|nadaessaiadi|nadaessaiadi||Morocco
Q76283273|Aya Hosonuma|2000-05-25|_numa.goro__|aya_jas_73||Japan
Q76283279|Yūri Umezu|2000-08-23|umeko.823|umekodayooooon||Japan
Q76875007|Elena Kömmling|2000-01-01|elenakoemmling||elenakoemmling|Germany
Q97901120|Minami Nishimura|2000-03-23||PH3H6ggKTnWGLYZ||Japan
Q99485290|Elena Tzaferi|2000-06-17|elenatzaferh|||Greece
