# qid|name|dob|ig|x|tt|countries|srcs|urls|wiki|teams|occs|sports|group  (session 16 master, collapsed by QID)
Q4578|Laura Ludwig|1986-01-13|lauraludwig86|||Germany|Brockhaus Enzyklopädie|http://www.bvbinfo.com/player.asp?ID=6704|https://en.wikipedia.org/wiki/Laura_Ludwig||Q15117302=volleyball player;Q17361156=beach volleyball player|Q1734=volleyball;Q4543=beach volleyball|beach
Q31677|Natalia Málaga|1964-01-26|natalia_malaga|||Peru|InterSportStats|https://peru21.pe/cultura/natalia-malaga-voleibolista-gran-chef-noticia/|https://en.wikipedia.org/wiki/Natalia_M%C3%A1laga||Q15117302=volleyball player;Q17361156=beach volleyball player;Q20730881=volleyball coach|Q1734=volleyball;Q4543=beach volleyball|beach
Q85016|Lenka Dürr|1990-12-10|lenkalibera_official|||Germany|VBL database||https://en.wikipedia.org/wiki/Lenka_D%C3%BCrr||Q15117302=volleyball player|Q1734=volleyball|intl
Q108414|Laura Weihenmaier|1991-04-04|lemon_ts17|||Germany|VBL database||https://en.wikipedia.org/wiki/Laura_Weihenmaier||Q15117302=volleyball player;Q17361156=beach volleyball player|Q1734=volleyball;Q4543=beach volleyball|beach
Q109939|Pia Walkenhorst|1993-11-15|piasabrinawalkenhorst|||Germany|FIVB database;VBL database;Volleybox||https://en.wikipedia.org/wiki/Pia_Walkenhorst||Q15117302=volleyball player|Q1734=volleyball|intl
Q109966|Sandra Ferger|1991-08-14|sandra.ferger|||Germany|Beach Volleyball Database;VBL database;Volleybox||||Q15117302=volleyball player;Q17361156=beach volleyball player|Q1734=volleyball;Q4543=beach volleyball|beach
Q110368|Mareike Hindriksen|1987-11-11|mareikehindriksen|||Germany|CEV database;FIVB database;VBL database;Volleybox||||Q15117302=volleyball player;Q20730881=volleyball coach|Q1734=volleyball|intl
Q111857|Jana Franziska Poll|1988-05-07|jfpti|||Germany||http://www.volleyball-verband.de/de/kader/nationalmannschaft--a-frauen-/spielerinnen--amp--trainer/jana-franziska-poll/|https://en.wikipedia.org/wiki/Jana_Franziska_Poll||Q15117302=volleyball player|Q1734=volleyball|intl
Q115012|Tereza Fajksová|1989-05-17|terinkafajks|||Czech Republic|iDNES.cz|https://www.idnes.cz/wiki/soubyznys/tereza-fajksova.K450100|https://en.wikipedia.org/wiki/Tereza_Fajksov%C3%A1||Q15117302=volleyball player;Q18581305=beauty pageant contestant;Q4610556=model|Q1734=volleyball|intl
Q130814|Francesca Piccinini|1979-01-10|francescapiccinini12|||Italy|||https://en.wikipedia.org/wiki/Francesca_Piccinini||Q15117302=volleyball player|Q1734=volleyball|intl
Q182106|Misty May-Treanor|1977-07-30||MistyMayTreanor||United States|Encyclopædia Britannica Online;IMDb||https://en.wikipedia.org/wiki/Misty_May-Treanor|Long Beach State Beach women's volleyball;United States women's national volleyball team|Q15117302=volleyball player;Q17361156=beach volleyball player|Q4543=beach volleyball|beach
Q220079|Ai Ōtomo|1982-03-24|akimoto88|||Japan|||https://en.wikipedia.org/wiki/Ai_%C5%8Ctomo||Q15117302=volleyball player|Q1734=volleyball|intl
Q232666|Kerri Walsh Jennings|1978-08-15|kerrileewalsh|kerrileewalsh||United States|Encyclopædia Britannica Online||https://en.wikipedia.org/wiki/Kerri_Walsh_Jennings||Q17361156=beach volleyball player|Q4543=beach volleyball|beach
Q233908|Saori Kimura|1986-08-19|saoriiiii819|||Japan|||https://en.wikipedia.org/wiki/Saori_Kimura||Q15117302=volleyball player;Q17361156=beach volleyball player|Q1734=volleyball|beach
Q234659|Yoshie Takeshita|1978-03-18|takechanman0318|||Japan|Olympedia||https://en.wikipedia.org/wiki/Yoshie_Takeshita||Q15117302=volleyball player|Q1734=volleyball|intl
Q239905|Jaqueline Carvalho|1983-12-31|jaqueline|||Brazil|||https://en.wikipedia.org/wiki/Jaqueline_Carvalho||Q15117302=volleyball player|Q1734=volleyball;Q4543=beach volleyball|beach
Q240235|Brankica Mihajlović|1991-04-13|brankicam12|||Bosnia and Herzegovina;Serbia||https://tvf-web.dataproject.com/PlayerDetails.aspx?TeamID=74&PlayerID=1041&ID=17|https://en.wikipedia.org/wiki/Brankica_Mihajlovi%C4%87||||intl
Q242500|Erika Araki|1984-08-03|erika_araki_official|erichina11||Japan|||https://en.wikipedia.org/wiki/Erika_Araki||Q15117302=volleyball player;Q17361156=beach volleyball player|Q1734=volleyball|beach
Q242799|Mireya Luis|1967-08-25|mireyaluishernandez|||Cuba||http://www.ecured.cu/Mireya_Luis|https://en.wikipedia.org/wiki/Mireya_Luis||Q15117302=volleyball player;Q17361156=beach volleyball player|Q1734=volleyball;Q4543=beach volleyball|beach
Q248423|Robin de Kruijf|1991-05-05|robindekruijf|robino_|||||https://en.wikipedia.org/wiki/Robin_de_Kruijf||Q15117302=volleyball player;Q17361156=beach volleyball player|Q1734=volleyball|beach
Q253253|Yekaterina Gamova|1980-10-17|ekaterinagamova11|||Russia;Soviet Union|||https://en.wikipedia.org/wiki/Yekaterina_Gamova||Q15117302=volleyball player;Q17361156=beach volleyball player|Q1734=volleyball|beach
Q257740|Yuko Sano|1979-07-26|yuko12345|||Japan|||https://en.wikipedia.org/wiki/Y%C5%ABko_Sano||Q15117302=volleyball player;Q17361156=beach volleyball player|Q1734=volleyball|beach
Q262883|Thaísa Menezes|1987-05-15|daherthaisa|||Brazil|||https://en.wikipedia.org/wiki/Tha%C3%ADsa_Daher_de_Menezes||Q15117302=volleyball player;Q17361156=beach volleyball player|Q1734=volleyball|beach
Q262887|Kaori Inoue|1982-10-21|kaorin888|888kaorin||Japan|Olympedia||https://en.wikipedia.org/wiki/Kaori_Inoue||Q15117302=volleyball player|Q1734=volleyball|intl
Q263886|Natalie Cook|1975-01-19||NatCookVB||Australia|Who's Who in Australia||https://en.wikipedia.org/wiki/Natalie_Cook||Q15117302=volleyball player;Q17361156=beach volleyball player|Q4543=beach volleyball|beach
Q268846|Fernanda Garay|1986-05-10|fegaray|||Brazil|||https://en.wikipedia.org/wiki/Fernanda_Garay||Q15117302=volleyball player;Q17361156=beach volleyball player|Q1734=volleyball|beach
Q269725|Yukiko Ebata|1989-11-07|ebatayukiko14|||Japan|||https://en.wikipedia.org/wiki/Yukiko_Ebata||Q15117302=volleyball player;Q17361156=beach volleyball player|Q1734=volleyball|beach
Q269730|Saori Sakoda|1987-12-18|saori.rio|||Japan|||https://en.wikipedia.org/wiki/Saori_Sakoda||Q15117302=volleyball player|Q1734=volleyball|intl
Q269766|Foluke Akinradewo|1987-10-05|folukea|||Canada;Nigeria;United States|Olympedia||https://en.wikipedia.org/wiki/Foluke_Gunderson|Stanford Cardinal women's volleyball;United States women's national volleyball team|Q15117302=volleyball player;Q17361156=beach volleyball player|Q1734=volleyball|beach
Q270135|Kim Yeon-Koung|1988-02-26|kimyk10|kimyk10||South Korea|||https://en.wikipedia.org/wiki/Kim_Yeon-koung||Q15117302=volleyball player||intl
Q271694|Anna Werblińska|1984-05-14|ania_werblinska|||Poland|||https://en.wikipedia.org/wiki/Anna_Werbli%C5%84ska||Q15117302=volleyball player;Q17361156=beach volleyball player|Q1734=volleyball|beach
Q272807|Yevgeniya Startseva|1989-02-12|startseva13|startseva13_|||||https://en.wikipedia.org/wiki/Yevgeniya_Startseva||Q15117302=volleyball player;Q17361156=beach volleyball player|Q1734=volleyball|beach
Q272825|Tatiana Kosheleva|1988-12-23|kosheleva11|||Russia|||https://en.wikipedia.org/wiki/Tatiana_Kosheleva||Q15117302=volleyball player;Q17361156=beach volleyball player|Q1734=volleyball|beach
Q274375|Natália Pereira|1989-04-04|natizilio12|||Brazil|||https://en.wikipedia.org/wiki/Nat%C3%A1lia_Pereira||Q15117302=volleyball player|Q1734=volleyball|intl
Q274418|Tandara Caixeta|1988-10-30|tandaracaixeta|||Brazil|||https://en.wikipedia.org/wiki/Tandara_Caixeta||Q15117302=volleyball player;Q17361156=beach volleyball player|Q1734=volleyball|beach
Q274425|Jordan Larson|1986-10-16|gov1007|JordanLarson10||United States|Lega Pallavolo Serie A Femminile||https://en.wikipedia.org/wiki/Jordan_Larson|Nebraska Cornhuskers women's volleyball;United States women's national volleyball team|Q15117302=volleyball player;Q17361156=beach volleyball player|Q1734=volleyball;Q4543=beach volleyball|beach
Q274457|Nicole Davis|1982-04-24|nicolemdavis6|||United States|Olympedia;Volleybox||https://en.wikipedia.org/wiki/Nicole_Davis|USC Trojans women's volleyball;United States women's national volleyball team|Q15117302=volleyball player|Q1734=volleyball|ncaa
Q275144|Maiko Kano|1988-07-15|kanochan715|kanochan715||Japan|||https://en.wikipedia.org/wiki/Maiko_Kano||Q15117302=volleyball player|Q1734=volleyball|intl
Q288812|Marija Pucarević|1990-08-20|pucareviceva|||Serbia|FIVB database;VBL database;Volleybox;WorldofVolley||||Q15117302=volleyball player|Q1734=volleyball|intl
Q378473|Marta Menegatti|1990-08-16|marta_menegatti|||Italy|||https://en.wikipedia.org/wiki/Marta_Menegatti||Q17361156=beach volleyball player|Q4543=beach volleyball|beach
Q432213|Ceyda Aktaş|1994-08-18|ceydaaktas|CeydaAktas||Turkey||http://www.worldofvolley.com/wov-community/players/6567.html|https://en.wikipedia.org/wiki/Ceyda_Akta%C5%9F||Q15117302=volleyball player|Q1734=volleyball|intl
Q439612|Laura Dijkema|1990-02-18|lauradijkema|||Kingdom of the Netherlands|||https://en.wikipedia.org/wiki/Laura_Dijkema||Q15117302=volleyball player|Q1734=volleyball;Q4543=beach volleyball|beach
Q441141|April Ross|1982-06-20|aprilrossbeach|AprilRossBeach||United States|||https://en.wikipedia.org/wiki/April_Ross|USC Trojans women's volleyball|Q15117302=volleyball player;Q17361156=beach volleyball player|Q4543=beach volleyball|beach
Q447779|Suzana Ćebić|1984-11-09|suzana_cebic|||Serbia|||https://en.wikipedia.org/wiki/Suzana_%C4%86ebi%C4%87||Q15117302=volleyball player;Q17361156=beach volleyball player|Q1734=volleyball|beach
Q458463|Leila Barros|1971-09-30|leiladovolei|leiladovolei||Brazil||https://www25.senado.leg.br/web/senadores/senador/-/perfil/5979|https://en.wikipedia.org/wiki/Leila_Barros||Q15117302=volleyball player;Q17361156=beach volleyball player;Q82955=politician|Q4543=beach volleyball|beach
Q463578|Regla Torres|1975-02-12|reglavoly|||Cuba||https://www.ecured.cu/Regla_Torres|https://en.wikipedia.org/wiki/Regla_Torres||Q15117302=volleyball player;Q17361156=beach volleyball player|Q1734=volleyball|beach
Q467597|Marleen van Iersel|1988-01-07|marleenvaniersel|MarleenvIersel||Kingdom of the Netherlands|||https://en.wikipedia.org/wiki/Marleen_van_Iersel||Q15117302=volleyball player;Q17361156=beach volleyball player|Q4543=beach volleyball|beach
Q483736|Han Yoo-mi|1982-02-05||hym82vo||South Korea|||https://en.wikipedia.org/wiki/Han_Yoo-mi||Q15117302=volleyball player|Q1734=volleyball|intl
Q483742|Kim Sa-nee|1981-06-21|saneekim|||South Korea|||https://en.wikipedia.org/wiki/Kim_Sa-nee||Q15117302=volleyball player|Q1734=volleyball|intl
Q484138|Yang Hyo-jin|1989-12-14|hjyang14v|||South Korea|||https://en.wikipedia.org/wiki/Yang_Hyo-jin||Q15117302=volleyball player|Q1734=volleyball|intl
Q513248|Markéta Sluková|1988-06-28|beach_maki|||Czech Republic|Olympedia||https://en.wikipedia.org/wiki/Mark%C3%A9ta_Slukov%C3%A1||Q17361156=beach volleyball player|Q4543=beach volleyball|beach
Q513552|Femke Stoltenborg|1991-07-30|femkestoltenborg|||Kingdom of the Netherlands|Olympedia|http://worldgrandprix.2017.fivb.com/en/group1/competition/teams/ned-netherlands/players/femke-stoltenborg?id=58000|https://en.wikipedia.org/wiki/Femke_Stoltenborg||Q15117302=volleyball player|Q1734=volleyball|intl
Q513594|Myrthe Schoot|1988-08-29|myrtheschoot|MyrtheSchoot||Kingdom of the Netherlands|FIVB database;Olympedia;VBL database;Volleybox||https://en.wikipedia.org/wiki/Myrthe_Schoot||Q15117302=volleyball player|Q1734=volleyball|intl
Q514610|Madelein Meppelink|1989-11-29|m_meppelink|M_Meppelink||Kingdom of the Netherlands|||https://en.wikipedia.org/wiki/Madelein_Meppelink||Q15117302=volleyball player;Q17361156=beach volleyball player|Q4543=beach volleyball|beach
Q515646|Liliana Fernández|1987-01-04|liliana.fernandez.steiner|||Spain|||https://en.wikipedia.org/wiki/Liliana_Fern%C3%A1ndez||Q15117302=volleyball player;Q17361156=beach volleyball player|Q1734=volleyball;Q4543=beach volleyball|beach
Q539226|Angie Bland|1984-04-26|abland84|||Belgium|||https://en.wikipedia.org/wiki/Angie_Bland||Q15117302=volleyball player|Q1734=volleyball;Q4543=beach volleyball|beach
Q546910|Gabrielle Reece|1970-01-06|gabbyreece|||United States|IMDb||https://en.wikipedia.org/wiki/Gabrielle_Reece|Florida State Seminoles women's volleyball|Q17361156=beach volleyball player;Q33999=actor;Q4610556=model|Q4543=beach volleyball|beach
Q562974|Anna Pogany|1994-07-21|annapogany|||Germany|VBL database||||Q15117302=volleyball player|Q1734=volleyball|intl
Q568237|Anouk Vergé-Dépré|1992-02-11|anoukvergedepre|anoukvergedepre||Switzerland||https://www.rio2016.com/en/athlete/anouk-verge-depre|https://en.wikipedia.org/wiki/Anouk_Verg%C3%A9-D%C3%A9pr%C3%A9||Q15117302=volleyball player;Q17361156=beach volleyball player|Q4543=beach volleyball|beach
Q600561|Miyuki Takahashi|1978-12-25|shin_miyukichi|||Japan|||https://en.wikipedia.org/wiki/Miyuki_Takahashi_(volleyball)||Q15117302=volleyball player;Q17361156=beach volleyball player;Q2705098=tarento|Q1734=volleyball|beach
Q608269|Debby Stam|1984-07-24|debby_stam|||Kingdom of the Netherlands|||https://en.wikipedia.org/wiki/Debby_Stam||Q15117302=volleyball player;Q17361156=beach volleyball player|Q1734=volleyball|beach
Q624724|Kim Hee-jin|1991-04-29|geurujam_|||South Korea|||https://en.wikipedia.org/wiki/Kim_Hee-jin||Q15117302=volleyball player|Q1734=volleyball|intl
Q659237|Cristina Pîrv|1972-06-29|pirv11oficial|pirv11oficial||Brazil;Romania|||https://en.wikipedia.org/wiki/Cristina_P%C3%AErv||Q15117302=volleyball player|Q1734=volleyball|intl
Q751211|Natalia Mędrzyk|1992-01-13|natalia_medrzyk|||Poland||http://www.worldofvolley.com/wov-community/players/3974.html|https://en.wikipedia.org/wiki/Natalia_M%C4%99drzyk||Q15117302=volleyball player|Q1734=volleyball|intl
Q765751|Alix Klineman|1989-12-30|alixklineman|alixklineman||United States|||https://en.wikipedia.org/wiki/Alix_Klineman|United States women's national under-19 volleyball team;United States women's national volleyball team|Q15117302=volleyball player;Q17361156=beach volleyball player|Q1734=volleyball;Q4543=beach volleyball|beach
Q807607|Barbara Wezorke|1993-04-12|nobacon.barb|||Germany|VBL database||||Q15117302=volleyball player|Q1734=volleyball|intl
Q807859|Barbora Hermannová|1990-11-07|bara.hermannova|||Czech Republic|Olympedia|https://www.olympic.cz/sportovec/4332--barbora-hermannova|https://en.wikipedia.org/wiki/Barbora_Hermannov%C3%A1||Q15117302=volleyball player;Q17361156=beach volleyball player|Q1734=volleyball;Q4543=beach volleyball|beach
Q841393|Motoko Obayashi|1967-06-15|m.oobayashi|motoko_pink||Japan|||https://en.wikipedia.org/wiki/Motoko_Obayashi||Q15117302=volleyball player;Q2705098=tarento;Q33999=actor|Q1734=volleyball|intl
Q938434|Bahar Toksoy|1988-02-06||bhrtksy||Turkey|||https://en.wikipedia.org/wiki/Bahar_Toksoy||Q15117302=volleyball player|Q1734=volleyball|intl
Q946914|Valentina Diouf|1993-01-10|durbansmile|||Italy|Lega Pallavolo Serie A Femminile||https://en.wikipedia.org/wiki/Valentina_Diouf||Q15117302=volleyball player|Q1734=volleyball|intl
Q967009|Monica De Gennaro|1987-01-08|mokidegennaroofficial|||Italy|||https://en.wikipedia.org/wiki/Monica_De_Gennaro||Q15117302=volleyball player;Q17361156=beach volleyball player|Q1734=volleyball|beach
Q998363|Merita Mol|1969-02-24|merita_mol|||Norway||http://www.bvbinfo.com/player.asp?ID=1473|https://en.wikipedia.org/wiki/Merita_Berntsen|UC Santa Barbara Gauchos women's volleyball|Q15117302=volleyball player;Q17361156=beach volleyball player|Q1734=volleyball;Q4543=beach volleyball|beach
Q1044420|Carolina Solberg|1987-08-06|carol_solberg|||Brazil|||https://en.wikipedia.org/wiki/Carolina_Solberg_Salgado||Q17361156=beach volleyball player|Q4543=beach volleyball|beach
Q1049946|Kana Oyama|1984-06-19|kanaoyama0619|kanakanabun||Japan|||https://en.wikipedia.org/wiki/Kana_Oyama||Q15117302=volleyball player|Q4543=beach volleyball|beach
Q1059562|Nana Iwasaka|1990-07-03|nana.iwasaka|hiswmstk7||Japan|||https://en.wikipedia.org/wiki/Nana_Iwasaka||Q15117302=volleyball player|Q1734=volleyball|intl
Q1059930|Kotoe Inoue|1990-02-15|kotoe.i15|kotoe15||Japan|||https://en.wikipedia.org/wiki/Kotoe_Inoue||Q15117302=volleyball player|Q1734=volleyball|intl
Q1062408|Chantal Laboureur|1990-01-04|chantallaboureur|||Germany|DOSB database;FIVB database;VBL database||https://en.wikipedia.org/wiki/Chantal_Laboureur||Q15117302=volleyball player;Q17361156=beach volleyball player|Q1734=volleyball;Q4543=beach volleyball|beach
Q1072824|Bethania de la Cruz|1987-05-13|thebigbeth|||Dominican Republic||https://en.volleyballworld.com/volleyball/competitions/women-worldchampionship-2022/players/114294|https://en.wikipedia.org/wiki/Bethania_de_la_Cruz|Athletes Unlimited Volleyball|Q15117302=volleyball player;Q17361156=beach volleyball player|Q1734=volleyball|beach
Q1073217|Áurea Cruz|1982-01-10|azcruz|||United States|||https://en.wikipedia.org/wiki/%C3%81urea_Cruz|Florida Gators women's volleyball|Q15117302=volleyball player;Q17361156=beach volleyball player|Q1734=volleyball;Q4543=beach volleyball|beach
Q1091406|Ciara Michel|1985-07-02|vb_ci|vb_ci||United Kingdom||http://www.worldofvolley.com/wov-community/players/15889.html|https://en.wikipedia.org/wiki/Ciara_Michel||Q15117302=volleyball player;Q17361156=beach volleyball player|Q1734=volleyball|beach
Q1092521|Cinja Tillmann|1991-07-13|cinjatillmann|||Germany|||https://en.wikipedia.org/wiki/Cinja_Tillmann||Q15117302=volleyball player;Q17361156=beach volleyball player|Q1734=volleyball;Q4543=beach volleyball|beach
Q1187767|Denise Imoudu|1995-12-14|deniseimoudu|||Germany|VBL database||||Q15117302=volleyball player|Q1734=volleyball|intl
Q1327901|Magdalena Gryka|1994-03-28|magdagryka|||Germany;Poland||https://www.volleyball-bundesliga.de/popup/teamMember/teamMemberDetails.xhtml?teamMemberId=743143591&hideHistoryBackButton=true|||Q15117302=volleyball player|Q1734=volleyball|intl
Q1393560|Nana Meriwether|1985-05-24|nanameriwether|||South Africa;United States|||https://en.wikipedia.org/wiki/Nana_Meriwether||Q15117302=volleyball player;Q18581305=beauty pageant contestant;Q4610556=model|Q1734=volleyball|intl
Q1469069|Sarah Pavan|1986-08-16|sarah_pavan|SarahPavan||Canada||http://www.bvbinfo.com/player.asp?ID=14304|https://en.wikipedia.org/wiki/Sarah_Pavan|Nebraska Cornhuskers women's volleyball|Q15117302=volleyball player;Q17361156=beach volleyball player|Q1734=volleyball;Q4543=beach volleyball|beach
Q1537222|Nele Barber|1994-10-27|nelebarber|||Germany||https://www.volleyball.world/en/vnl/2019/women/teams/ger-germany/players/nele-barber?id=71226|||Q15117302=volleyball player|Q1734=volleyball|intl
Q1571662|Carmen Turlea|1975-11-18||CarmenTurlea||Italy;Romania|||https://en.wikipedia.org/wiki/Carmen_%C8%9Aurlea||Q15117302=volleyball player|Q1734=volleyball|intl
Q1645601|Helena Grozer|1988-07-25|helenahavelkova16|||Czech Republic|iDNES.cz|https://sport.idnes.cz/volejbal.aspx?y=vol_reprez/mistrovstvi-evropy-volejbalistek-2009-cesky-tym.htm|https://en.wikipedia.org/wiki/Helena_Grozer||Q15117302=volleyball player|Q1734=volleyball|intl
Q1682257|Winifer Fernández|1995-01-06|winiferofficial|||Dominican Republic||http://www.worldofvolley.com/wov-community/players/16759.html|https://en.wikipedia.org/wiki/Winifer_Fern%C3%A1ndez||Q15117302=volleyball player|Q1734=volleyball|intl
Q1686941|Jennifer Janiska|1994-04-05|jjaniska_6|||Germany|VBL database|http://www.volleyball-verband.de/de/kader/nationalmannschaft--a-frauen-/spielerinnen--amp--trainer/jennifer-geerties/|https://en.wikipedia.org/wiki/Jennifer_Janiska||Q15117302=volleyball player|Q1734=volleyball|intl
Q1711835|Julia Eckelmann|1995-03-30|julaeckelmann|||Germany|VBL database;Volleybox||||Q15117302=volleyball player;Q20730881=volleyball coach|Q1734=volleyball|intl
Q1748245|Caterina Bosetti|1994-02-02|caterinabosetti|||Italy|Lega Pallavolo Serie A Femminile||https://en.wikipedia.org/wiki/Caterina_Bosetti||Q15117302=volleyball player;Q17361156=beach volleyball player|Q1734=volleyball|beach
Q1749385|Christina Bauer|1988-01-01||BauerChristina1||France|||https://en.wikipedia.org/wiki/Christina_Bauer||Q15117302=volleyball player|Q1734=volleyball|intl
Q1750649|Lauren Bertolacci|1985-01-26|laurenberto|||Australia||http://www.worldofvolley.com/wov-community/players/139167.html;http://www.worldofvolley.com/wov-community/players/7711.html|https://en.wikipedia.org/wiki/Lauren_Bertolacci||Q15117302=volleyball player;Q20730881=volleyball coach|Q1734=volleyball|intl
Q1773781|Alisha Glass|1988-04-05|aglass1_6|||United States|Lega Pallavolo Serie A Femminile||https://en.wikipedia.org/wiki/Alisha_Glass|Athletes Unlimited Volleyball;Penn State Nittany Lions women's volleyball;United States women's national volleyball team|Q15117302=volleyball player;Q17361156=beach volleyball player|Q1734=volleyball|beach
Q1788707|Tanja Großer|1993-11-27|tanja_g._4|||Germany|||||Q15117302=volleyball player|Q1734=volleyball;Q4543=beach volleyball|beach
Q1817348|Lena Stigrot|1994-12-20|lenastigrot|||Germany||https://www.volleyball-verband.de/de/kader/nationalmannschaft--a-frauen-/spielerinnen--amp--trainer/lena-stigrot/|https://en.wikipedia.org/wiki/Lena_Stigrot||Q15117302=volleyball player|Q1734=volleyball|intl
Q1944732|Monika Paulikienė|1994-08-30|monikapovilaityte|||Lithuania|||https://en.wikipedia.org/wiki/Monika_Paulikien%C4%97||Q17361156=beach volleyball player|Q4543=beach volleyball|beach
Q1982651|Floortje Meijners|1987-01-16|floortjemeijners|||Kingdom of the Netherlands|||https://en.wikipedia.org/wiki/Floortje_Meijners||Q15117302=volleyball player|Q1734=volleyball|intl
Q1993409|Milena Rašić|1990-10-25|milena.rasic|milenarasic1||Serbia|Olympedia||https://en.wikipedia.org/wiki/Milena_Ra%C5%A1i%C4%87||Q15117302=volleyball player;Q17361156=beach volleyball player|Q1734=volleyball|beach
Q2020124|Polina Rahimova|1990-06-05|polina_rahimova|||Azerbaijan;Ukraine|Lega Pallavolo Serie A Femminile||https://en.wikipedia.org/wiki/Polina_Rahimova||Q15117302=volleyball player;Q17361156=beach volleyball player|Q1734=volleyball|beach
Q2221013|Sandra Ittlinger|1994-06-24|sandra_ittlinger||sandraittlinger|Germany|Beach Volleyball Database;WorldofVolley||||Q15117302=volleyball player;Q17361156=beach volleyball player|Q1734=volleyball;Q4543=beach volleyball|beach
Q2263164|Heather Bown|1978-11-29||heather_e_bown||United States|||https://en.wikipedia.org/wiki/Heather_Bown|UC Santa Barbara Gauchos women's volleyball|Q15117302=volleyball player;Q17361156=beach volleyball player|Q1734=volleyball|beach
Q2330163|Neslihan Demir|1983-12-09|nesli177|||Turkey|Olympedia||https://en.wikipedia.org/wiki/Neslihan_Demir||Q15117302=volleyball player;Q17361156=beach volleyball player|Q1734=volleyball|beach
Q2405216|Pelin Çelik|1982-05-23||pelinp||Turkey|||https://en.wikipedia.org/wiki/Pelin_%C3%87elik||Q15117302=volleyball player;Q17361156=beach volleyball player|Q1734=volleyball|beach
Q2405220|Fernanda Venturini|1970-10-24|fernandaventurini_oficial|||Brazil||http://www.worldofvolley.com/wov-community/players/48713.html|https://en.wikipedia.org/wiki/Fernanda_Venturini||Q15117302=volleyball player|Q1734=volleyball|intl
Q2407430|Elif Ağca Yarar|1984-02-10|elfagca7|elf27||Turkey|||https://en.wikipedia.org/wiki/Elif_A%C4%9Fca_Yarar||Q15117302=volleyball player|Q1734=volleyball|intl
Q2420072|Megumi Kurihara|1984-07-31|megumi_kurihara_official|||Japan|||https://en.wikipedia.org/wiki/Megumi_Kurihara||Q15117302=volleyball player|Q1734=volleyball|intl
Q2422045|Meliha Diken|1993-09-17|_melly03|_melly3||Bosnia and Herzegovina;Turkey||http://www.bvbinfo.com/player.asp?ID=15023;http://www.worldofvolley.com/wov-community/players/13590.html|https://en.wikipedia.org/wiki/Meliha_%C4%B0smailo%C4%9Flu||Q15117302=volleyball player;Q17361156=beach volleyball player|Q1734=volleyball;Q4543=beach volleyball|beach
Q2436029|Prisilla Rivera|1984-12-29|prisillarivera14|||Dominican Republic|||https://en.wikipedia.org/wiki/Prisilla_Rivera||Q15117302=volleyball player|Q1734=volleyball|intl
Q2436614|Milena Sadurek|1984-10-18|mila_sadurek|||Poland|||https://en.wikipedia.org/wiki/Milena_Radecka||Q15117302=volleyball player|Q1734=volleyball|intl
Q2437053|Lisvel Elisa Eve|1991-09-10|lisveleve3|||Dominican Republic|||https://en.wikipedia.org/wiki/Lisvel_Elisa_Eve||Q15117302=volleyball player|Q1734=volleyball|intl
Q2530775|Zeynep Sever|1989-07-09|zeynepseverdemirel|||Belgium;Turkey|Integrated Authority File;Karar Alhilli|https://www.karar.com/karar-biyografi/zeynep-sever-demirel-kimdir-kac-yasinda-nereli-ne-is-yapiyor-1612956|https://en.wikipedia.org/wiki/Zeynep_Sever||Q15117302=volleyball player;Q18581305=beauty pageant contestant|Q1734=volleyball|intl
Q2608891|Jelena Nikolić|1982-04-13|nikolica12|||Serbia|||https://en.wikipedia.org/wiki/Jelena_Nikoli%C4%87||Q15117302=volleyball player|Q1734=volleyball|intl
Q2610519|Naz Aydemir Akyol|1990-08-14|akyolnaz|nzydmr11||Turkey|Integrated Authority File;Olympedia;Volleybox;WorldofVolley||https://en.wikipedia.org/wiki/Naz_Aydemir||Q15117302=volleyball player;Q4853732=children's writer|Q1734=volleyball|intl
Q2610534|Eda Erdem|1987-06-22||edaerdem14||Turkey||http://www.cev.lu/competition-area/PlayerDetails.aspx?TeamID=7622&PlayerID=4436&ID=551;http://www.fivb.org/EN/Volleyball/Competitions/WorldChampionships/2010/Women/Players.asp?Tourn=WWCH2010&Team=TUR&No=115406|https://en.wikipedia.org/wiki/Eda_Erdem||Q15117302=volleyball player|Q1734=volleyball|intl
Q2610544|Seda Aslanyürek|1986-06-25|seda9|||Turkey|||https://en.wikipedia.org/wiki/Seda_Tokatl%C4%B1o%C4%9Flu||Q15117302=volleyball player|Q1734=volleyball|intl
Q2615426|Gabriela Pérez del Solar|1968-07-10|gabyperezdelsolar|||Peru|InterSportStats|https://infogob.jne.gob.pe/Politico/FichaPolitico/gabriela-lourdes-perez-del-solar-cuculiza_historial-partidario_nFClh9xN6ugc6+@0ElOxMA==C9|https://en.wikipedia.org/wiki/Gabriela_P%C3%A9rez_del_Solar||Q15117302=volleyball player;Q82955=politician|Q1734=volleyball|intl
Q2619475|Carol Gattaz|1981-07-27|carolgattaz|carolgattaz||Brazil||https://www.olimpiadatododia.com.br/atletas/volei-feminino/caroline-de-oliveira-saad-carol-gattaz-jogos-olimpicos-toquio-2020/|https://en.wikipedia.org/wiki/Carol_Gattaz||Q15117302=volleyball player|Q1734=volleyball|intl
Q2625258|Nancy Metcalf|1978-11-12||nancyjmetcalf||United States|Lega Pallavolo Serie A Femminile||https://en.wikipedia.org/wiki/Nancy_Metcalf|Nebraska Cornhuskers women's volleyball;United States women's national volleyball team|Q15117302=volleyball player|Q1734=volleyball|ncaa
Q2628829|Brenda Castillo|1992-06-05|brendacastillofficial|||Dominican Republic||http://www.cev.lu/Competition-Area/PlayerDetails.aspx?TeamID=7950&PlayerID=47182&ID=569|https://en.wikipedia.org/wiki/Brenda_Castillo||Q15117302=volleyball player|Q1734=volleyball|intl
Q2629578|Ivana Nešović|1988-07-23|nesovicivana|||Serbia|||https://en.wikipedia.org/wiki/Ivana_Ne%C5%A1ovi%C4%87||Q15117302=volleyball player|Q1734=volleyball|intl
Q2632984|Camila Brait|1988-10-28|cbrait|||Brazil|||https://en.wikipedia.org/wiki/Camila_Brait||Q15117302=volleyball player;Q17361156=beach volleyball player|Q1734=volleyball|beach
Q2665739|Cecilia Tait|1962-03-05||CeciliaTaitV||Peru|InterSportStats|https://infogob.jne.gob.pe/Politico/FichaPolitico/cecilia-roxana-tait-villacorta_historial-partidario_RWXt3c6mMkcc6+@0ElOxMA==Xc|https://en.wikipedia.org/wiki/Cecilia_Tait||Q15117302=volleyball player;Q17361156=beach volleyball player;Q82955=politician|Q1734=volleyball|beach
Q2693488|Sara Alberti|1993-01-03|albertisara|||Italy|||||Q15117302=volleyball player|Q1734=volleyball|intl
Q2711893|Sara Anzanello|1980-07-30|anza1|anza1||Italy|||https://en.wikipedia.org/wiki/Sara_Anzanello||Q15117302=volleyball player|Q1734=volleyball|intl
Q2829153|Aksana Kavalchuk|1979-11-23|aksana_kavalchuk_volley|||Belarus||http://www.worldofvolley.com/wov-community/players/1492.html|https://en.wikipedia.org/wiki/Aksana_Kavalchuk||Q15117302=volleyball player|Q1734=volleyball|intl
Q2844954|Ana Beatriz Corrêa|1992-02-07|anabeatrizcorrea|||Brazil||https://www.olympedia.org/athletes/141181|https://en.wikipedia.org/wiki/Ana_Beatriz_Corr%C3%AAa||Q15117302=volleyball player|Q1734=volleyball|intl
Q2866702|Aslı Kalaç|1995-12-13|aslikalac|||Turkey|||https://en.wikipedia.org/wiki/Asl%C4%B1_Kala%C3%A7||Q15117302=volleyball player|Q1734=volleyball|intl
Q2891336|Charlotte Flair|1986-04-05|charlottewwe|MsCharlotteWWE|mscharlotteflair|United States|IMDb;Internet Wrestling Database;Library of Congress Authorities;The Movie Database;Wrestlingdata.com;Česko-Slovenská filmová databáze||https://en.wikipedia.org/wiki/Charlotte_Flair|Appalachian State Mountaineers women's volleyball|Q13474373=professional wrestler;Q15117302=volleyball player;Q762121=personal trainer|Q131359=professional wrestling;Q1734=volleyball;Q43450=gymnastics|ncaa
Q2923360|Brackcides Khadambi|1984-05-14|blackieagala|||Kenya||http://www.worldofvolley.com/wov-community/players/11368.html;https://nation.africa/kenya/sports/prisons-face-rivals-pipeline-without-injured-agala-4271134|https://en.wikipedia.org/wiki/Brackcides_Khadambi||Q15117302=volleyball player|Q1734=volleyball;Q4543=beach volleyball|beach
Q3009630|Cándida Arias|1992-03-11|candidaarias|||Dominican Republic||https://en.volleyballworld.com/volleyball/competitions/women-worldchampionship-2022/players/119224|https://en.wikipedia.org/wiki/C%C3%A1ndida_Arias||Q15117302=volleyball player|Q1734=volleyball|intl
Q3061344|Eva Chantava|1990-10-26|evachantava|EChantava||Greece||http://www.worldofvolley.com/wov-community/players/84703.html|https://en.wikipedia.org/wiki/Eva_Chantava||Q15117302=volleyball player|Q1734=volleyball|intl
Q3081190|Francien Huurman|1975-04-18|franshine|||Kingdom of the Netherlands|||https://en.wikipedia.org/wiki/Francien_Huurman||Q15117302=volleyball player|Q1734=volleyball|intl
Q3089303|Kaoru Sugayama|1978-12-26|kaoru546sean|||Japan|||https://en.wikipedia.org/wiki/Kaoru_Sugayama||Q15117302=volleyball player;Q17361156=beach volleyball player|Q1734=volleyball;Q4543=beach volleyball|beach
Q3094045|Gabriela Guimarães|1994-05-19|gabiguimaraes10|GuimaraesGabi10||Brazil||https://women.volleybox.net/es/gabriela-guimaraes-p1313;https://www.cob.org.br/pt/cob/time-brasil/atletas/gabi-guimaraes/|https://en.wikipedia.org/wiki/Gabriela_Guimar%C3%A3es||Q15117302=volleyball player|Q1734=volleyball|intl
Q3108218|Gizem Örge|1993-04-26|gizemorge|gizemorge||Turkey|||https://en.wikipedia.org/wiki/Gizem_%C3%96rge||Q15117302=volleyball player|Q1734=volleyball|intl
Q3129962|Heloiza Lacerda Pereira|1990-11-02|helo90|||Brazil||http://clubworldchampionships.2016.women.fivb.com/en/teams/rex-rexona-sesc%20rio/players/heloiza-pereira?id=54391;http://clubworldchampionships.2016.women.fivb.com/en/players/heloiza-pereira?id=54391|||Q15117302=volleyball player|Q1734=volleyball|intl
Q3179666|Joanna Wołosz|1990-04-07|asiawolosz14|Asia_wo||Poland|||https://en.wikipedia.org/wiki/Joanna_Wo%C5%82osz||Q15117302=volleyball player|Q1734=volleyball|intl
Q3197416|Kirsten Knip|1992-09-14|kirstenknip||kirstenknip1|Kingdom of the Netherlands||https://www.volleyball-bundesliga.de/popup/teamMember/teamMemberDetails.xhtml?teamMemberId=70392475|https://en.wikipedia.org/wiki/Kirsten_Knip||Q15117302=volleyball player|Q1734=volleyball|intl
Q3218829|Lauren Gibbemeyer|1988-09-08|lgibby5|||United States|||https://en.wikipedia.org/wiki/Lauren_Gibbemeyer|Minnesota Golden Gophers women's volleyball|Q15117302=volleyball player|Q1734=volleyball|ncaa
Q3293183|Marina Tumas|1984-09-17|tumik1|||Belarus||http://www.worldofvolley.com/wov-community/players/10596.html|https://en.wikipedia.org/wiki/Marina_Tumas||Q15117302=volleyball player|Q1734=volleyball|intl
Q3303222|Maëva Orlé|1991-05-08|orle_maeva|||France||http://www.worldofvolley.com/wov-community/players/7324.html|||Q15117302=volleyball player|Q1734=volleyball|intl
Q3305207|Cenaida Uribe|1965-12-02||cenaida_uribe||Peru|InterSportStats|https://infogob.jne.gob.pe/Politico/FichaPolitico/cenaida-cebastiana-uribe-medina_historial-partidario_Nz0QE56ZYOk=05|https://en.wikipedia.org/wiki/Cenaida_Uribe||Q15117302=volleyball player;Q82955=politician|Q1734=volleyball|intl
Q3308599|Michaela Abrhámová|1993-08-31|sealavie_bymiki|||Slovakia|Volleybox;WorldofVolley|http://www.svf.sk/sk/reprezentacia/zeny/repre/blokar/michaela-abrhamova/|https://en.wikipedia.org/wiki/Michaela_Abrh%C3%A1mov%C3%A1||Q15117302=volleyball player|Q1734=volleyball|intl
Q3313840|Milagros Collar|1988-04-15|mailacollar|||Spain||http://www.bvbinfo.com/player.asp?ID=8377|https://en.wikipedia.org/wiki/Milagros_Collar||Q15117302=volleyball player|Q1734=volleyball;Q4543=beach volleyball|beach
Q3320766|Monika Potokar|1987-12-18|monipoto16|||Slovenia||http://www.bvbinfo.com/player.asp?ID=20177|||Q15117302=volleyball player|Q1734=volleyball;Q4543=beach volleyball|beach
Q3320768|Monika Rákošová|1987-09-30|monkaaa10|||Slovakia|FIVB database;Volleybox||||Q15117302=volleyball player|Q1734=volleyball|intl
Q3339245|Neşve Büyükbayram|1990-01-01|15nesh|||Turkey|||||Q15117302=volleyball player|Q1734=volleyball|intl
Q3416056|Rachael Adams|1990-06-03|rachaeladams|RADAMSS||United States|||https://en.wikipedia.org/wiki/Rachael_Adams|Texas Longhorns women's volleyball;United States women's national volleyball team|Q15117302=volleyball player|Q1734=volleyball|ncaa
Q3416130|Rachele Sangiuliano|1981-06-23|racu7|||Italy|||https://en.wikipedia.org/wiki/Rachele_Sangiuliano||Q15117302=volleyball player;Q1930187=journalist|Q1734=volleyball|intl
Q3436803|Roberta Ratzke|1990-04-28|robertaratzke|||Brazil||https://en.volleyballworld.com/volleyball/competitions/women-worldchampionship-2022/players/119575|https://en.wikipedia.org/wiki/Roberta_Ratzke||Q15117302=volleyball player|Q1734=volleyball|intl
Q3441890|Roosa Koskelo|1991-08-20|rrrrosee|||Finland||https://www.cev.eu/PlayerDetail.aspx?PlayerID=6994|https://en.wikipedia.org/wiki/Roosa_Koskelo||Q15117302=volleyball player|Q1734=volleyball|intl
Q3478136|Hazal Selin Uygur|1992-08-18|hselinu|||Turkey|||https://en.wikipedia.org/wiki/Hazal_Selin_Uygur||Q15117302=volleyball player|Q1734=volleyball|intl
Q3497925|Stefania Okaka|1989-08-09|stefania.okaka|||Italy|||||Q15117302=volleyball player;Q762121=personal trainer|Q1734=volleyball|intl
Q3516090|Tatsiana Markevich|1988-03-25|tatsiana15|||Belarus|||||Q15117302=volleyball player|Q1734=volleyball|intl
Q3542496|Tuğba Özay|1978-02-10|tugbaozay10|TUGBAOZAY10||Turkey|Česko-Slovenská filmová databáze||https://en.wikipedia.org/wiki/Tu%C4%9Fba_%C3%96zay||Q15117302=volleyball player;Q177220=singer;Q33999=actor;Q4610556=model|Q31920=competitive swimming|intl
Q3555720|Vera Salikova|1989-03-04|s_verooka89|||Russia|||||Q15117302=volleyball player|Q1734=volleyball|intl
Q3610451|Alessia Travaglini|1988-04-10|alessia_trava|||Italy|||https://en.wikipedia.org/wiki/Alessia_Travaglini||Q15117302=volleyball player|Q1734=volleyball|intl
Q3847665|Mariana Costa|1986-07-30|mariparaibaa|||Brazil||http://www.bvbinfo.com/player.asp?ID=14573;http://www.worldofvolley.com/wov-community/players/7077.html|https://en.wikipedia.org/wiki/Mariana_Costa_(volleyball)||Q15117302=volleyball player;Q4610556=model|Q1734=volleyball;Q4543=beach volleyball|beach
Q3847839|Marie-Andrée Lessard|1977-12-06||malessard||Canada;Guatemala|||https://en.wikipedia.org/wiki/Marie-Andr%C3%A9e_Lessard||Q15117302=volleyball player;Q17361156=beach volleyball player|Q4543=beach volleyball|beach
Q3891317|Kristina Kicka|1992-03-26|kristina_kicka|||Belarus;Poland|VBL database|http://www.theohofland.nl/female-players-opposite/Kristina-Mikhailenko/120.html|||Q15117302=volleyball player|Q1734=volleyball|intl
Q3959234|Shauna Mullin|1984-09-11||shuvolleygb||United Kingdom|||https://en.wikipedia.org/wiki/Shauna_Mullin||Q15117302=volleyball player;Q17361156=beach volleyball player|Q4543=beach volleyball|beach
Q4023855|Zara Dampney|1986-06-10||Zara_Dampney||United Kingdom||http://www.bvbinfo.com/player.asp?ID=8384|https://en.wikipedia.org/wiki/Zara_Dampney||Q17361156=beach volleyball player|Q4543=beach volleyball|beach
Q4389603|Miwa Asao|1986-02-02|asaomiwa1986_official|||Japan|||https://en.wikipedia.org/wiki/Miwa_Asao||Q1328668=gravure idol;Q15117302=volleyball player;Q17361156=beach volleyball player;Q2705098=tarento|Q4543=beach volleyball|beach
Q4733463|Allyn Rose|1988-05-27||AllynRose||United States|IMDb||https://en.wikipedia.org/wiki/Allyn_Rose||Q15117302=volleyball player;Q18581305=beauty pageant contestant|Q1734=volleyball|intl
Q4750359|Ana Gallay|1986-01-16|anita_amg|anagallay||Argentina||https://www.coarg.org.ar/index.php/component/k2/item/5955-gallay-ana-maria|https://en.wikipedia.org/wiki/Ana_Gallay||Q15117302=volleyball player;Q17361156=beach volleyball player|Q4543=beach volleyball|beach
Q4790862|Arisa Takada|1987-02-17||ars217tkd||Japan|||https://en.wikipedia.org/wiki/Arisa_Takada||Q15117302=volleyball player|Q1734=volleyball|intl
Q4918945|Nootsara Tomkom|1985-07-07|nootsara13|||Thailand|||https://en.wikipedia.org/wiki/Nootsara_Tomkom||Q15117302=volleyball player|Q1734=volleyball|intl
Q4919220|Piyanut Pannoy|1989-11-10|plawann2|||Thailand||https://en.volleyballworld.com/en/vnl/2019/women/teams/tha-thailand/players/piyanut_pannoy?id=71790|https://en.wikipedia.org/wiki/Piyanut_Pannoy||Q15117302=volleyball player|Q1734=volleyball|intl
Q4966318|Anika Brinkmann|1986-08-04|ani_bri_6|||Germany||https://www.volleyball-bundesliga.de/popup/teamMember/teamMemberDetails.xhtml?teamMemberId=743023305&hideHistoryBackButton=true|||Q15117302=volleyball player|Q1734=volleyball|intl
Q5041101|Carla Rueda|1990-04-19|carlacotito20|||Peru|InterSportStats|https://women.volleybox.net/carla-rueda-p5265/clubs|https://en.wikipedia.org/wiki/Carla_Rueda||Q13590141=presenter;Q15117302=volleyball player|Q1734=volleyball|intl
Q5127105|Clarivett Yllescas|1993-08-11|clarivett.yllescas|||Peru|InterSportStats|https://women.volleybox.net/clarivett-yllescas-p5270/clubs;https://www.olympedia.org/athletes/1302196|https://en.wikipedia.org/wiki/Clarivett_Yllescas||Q15117302=volleyball player|Q1734=volleyball|intl
Q5257690|Denise Johns|1978-12-09||DJbeachvolley||United States|||https://en.wikipedia.org/wiki/Denise_Johns||Q15117302=volleyball player;Q42973=architect|Q4543=beach volleyball|beach
Q5698362|Hege Storhaug|1962-05-21||hegestorhaug||Norway||https://snl.no/Hege_Storhaug|https://en.wikipedia.org/wiki/Hege_Storhaug||Q1930187=journalist;Q36180=writer|Q1734=volleyball|intl
Q6001920|Marta Fraile|1982-10-30||martafraile9||Spain||https://women.volleybox.net/marta-fraile-p15156/indoor_tournaments|||Q15117302=volleyball player|Q1734=volleyball|intl
Q6135073|Miki Oyama|1985-10-03|miki_oyama1003|||Japan|||||Q15117302=volleyball player|Q1734=volleyball;Q4543=beach volleyball|beach
Q6538022|Leyla Chihuán|1975-09-04||LeylaChihuan||Peru|InterSportStats|https://infogob.jne.gob.pe/Politico/FichaPolitico/leyla-felicita-chihuan-ramos_historial-partidario_42GN@1E2xbI=G1|https://en.wikipedia.org/wiki/Leyla_Chihu%C3%A1n||Q15117302=volleyball player;Q82955=politician|Q1734=volleyball|intl
Q6617376|Yeum Hye-seon|1991-02-03|luminous___y03|hyeseon3||South Korea|||https://en.wikipedia.org/wiki/Yeum_Hye-seon||Q15117302=volleyball player|Q1734=volleyball|intl
Q6763061|Marie Wada|1987-09-18||marie_wada||Japan|||||Q15117302=volleyball player|Q1734=volleyball;Q4543=beach volleyball|beach
Q6845451|Mijal Hines Cuza|1993-12-15|mijalhines|mijalhines||Costa Rica|FIBA database||https://en.wikipedia.org/wiki/Mijal_Hines_Cuza||Q15117302=volleyball player;Q3665646=basketball player|Q1734=volleyball;Q5372=basketball|intl
Q6962355|Nanae Takizawa|1987-09-22|nanaetakizawa|nanae0922||Japan|||https://en.wikipedia.org/wiki/Nanae_Takizawa||Q15117302=volleyball player|Q1734=volleyball|intl
Q7279167|Rachel Bragg|1984-12-11||bambi_bragg||United Kingdom|||https://en.wikipedia.org/wiki/Rachel_Bragg||Q15117302=volleyball player|Q1734=volleyball|intl
Q7408418|Samaa Miyagawa|1983-08-17||miyagawasummer||Japan|||||Q15117302=volleyball player|Q1734=volleyball;Q4543=beach volleyball|beach
Q7662978|Chizuru Kotō|1982-10-08||chizuruganbaru2||Japan|||https://en.wikipedia.org/wiki/Chizuru_Kot%C5%8D||Q15117302=volleyball player|Q1734=volleyball|intl
Q7933806|Yuki Ishii|1991-05-08|yuki.ishii|kuu__yuk1||Japan|||https://en.wikipedia.org/wiki/Yuki_Ishii||Q15117302=volleyball player|Q1734=volleyball|intl
Q9142328|Agnieszka Korneluk|1994-10-17|agaa_kakaa|||Poland|||https://en.wikipedia.org/wiki/Agnieszka_Korneluk||Q15117302=volleyball player|Q1734=volleyball|intl
Q9150548|Anastasiya Miklashevich|1988-04-09|mikla07|||Belarus|||||Q15117302=volleyball player|Q1734=volleyball|intl
Q9250336|Edinah Rotich|1981-03-27|edinahrotich|||Kenya||https://www.eurosport.fr/volleyball/edinah-jemutai-rotich_prs253883/person.shtml|https://en.wikipedia.org/wiki/Edinah_Rotich||Q15117302=volleyball player|Q1734=volleyball;Q4543=beach volleyball|beach
Q9256545|Everlyne Makuto|1990-08-25|everlynemakuto|||Kenya||http://www.worldofvolley.com/wov-community/players/11355.html|https://en.wikipedia.org/wiki/Everlyne_Makuto||Q15117302=volleyball player|Q1734=volleyball|intl
Q9301467|江卓儀|1987-01-12|kongsonia||||||||Q15117302=volleyball player|Q1734=volleyball|intl
Q9332838|Sakura Numata|1989-07-24|numata_sakura|sakura_sakuharu||Japan|||||Q15117302=volleyball player;Q4610556=model|Q1734=volleyball|intl
Q9348453|Sutadta Chuewulim|1992-12-19|14_sutadta|||Thailand||http://www.worldofvolley.com/wov-community/players/41144.html|https://en.wikipedia.org/wiki/Sutadta_Chuewulim||Q15117302=volleyball player|Q1734=volleyball|intl
Q9356873|Teodora Pušić|1994-03-12|teodora.pusic|||Serbia||http://worldgrandprix.2017.fivb.com/en/group1/competition/teams/srb-serbia/players/teodora-pusic?id=59651|https://en.wikipedia.org/wiki/Teodora_Pu%C5%A1i%C4%87||Q15117302=volleyball player|Q1734=volleyball|intl
Q9383504|Yonkaira Peña|1993-05-10|pena_yonkaira16|||Dominican Republic|||https://en.wikipedia.org/wiki/Yonkaira_Pe%C3%B1a||Q15117302=volleyball player|Q1734=volleyball|intl
Q10318337|Liliane Maestrini|1987-10-26|lili_maestrini|||Brazil||http://www.bvbinfo.com/player.asp?ID=9923|https://en.wikipedia.org/wiki/Liliane_Maestrini||Q17361156=beach volleyball player|Q4543=beach volleyball|beach
Q11081660|Akari Oumi|1989-11-10||akarii1110||Japan|||https://en.wikipedia.org/wiki/Akari_Oumi||Q15117302=volleyball player|Q1734=volleyball|intl
Q11261663|Oh Ji-young|1988-07-11|oh_ji_young|||South Korea||https://www.olympedia.org/athletes/144962|https://en.wikipedia.org/wiki/Oh_Ji-young||Q15117302=volleyball player|Q1734=volleyball|intl
Q11287769|Hwang Min-kyoung|1990-06-02|mk.only_1|||South Korea|||https://en.wikipedia.org/wiki/Hwang_Min-kyoung||Q15117302=volleyball player|Q1734=volleyball|intl
Q11383507|Arisa Satō|1989-07-18||0718Ari||Japan|||https://en.wikipedia.org/wiki/Arisa_Sat%C5%8D||Q15117302=volleyball player|Q1734=volleyball|intl
Q11384356|Miya Satō|1990-03-07|m.sato8|||Japan|||https://en.wikipedia.org/wiki/Miya_Sato_(volleyball,_born_1990)||Q15117302=volleyball player|Q1734=volleyball|intl
Q11395125|Koyomi Iwasaki|1989-05-01|koyomi.i|||Japan|||https://en.wikipedia.org/wiki/Koyomi_Iwasaki||Q15117302=volleyball player|Q1734=volleyball|intl
Q11558331|Satoko Urata|1980-12-22||urasato55||Japan|||||Q15117302=volleyball player|Q1734=volleyball;Q4543=beach volleyball|beach
Q11603050|Mihoko Tsutsui|1985-12-06|m1homoko|mihomoco12||Japan|||||Q15117302=volleyball player|Q1734=volleyball|intl
Q11620612|Mari Ochiai|1982-01-04||ochimari57||Japan|||||Q15117302=volleyball player;Q2705098=tarento|Q1734=volleyball|intl
Q11627512|Takemi Nishibori|1981-08-20||takeiteasy0820||Japan|||||Q15117302=volleyball player|Q1734=volleyball;Q4543=beach volleyball|beach
Q11671530|Miho Takahashi|1988-11-29|mihotakahashi18|||Japan|||||Q15117302=volleyball player;Q2066131=athlete|Q1734=volleyball|intl
Q11720669|Jarasporn Bundasak|1993-03-01|nadear_09|||Thailand|||https://en.wikipedia.org/wiki/Jarasporn_Bundasak||Q15117302=volleyball player|Q1734=volleyball|intl
Q11728662|Jovana Stevanović|1992-06-30|stevanovicjovana_15|||Serbia|||https://en.wikipedia.org/wiki/Jovana_Stevanovi%C4%87||Q15117302=volleyball player|Q1734=volleyball|intl
Q11729466|Jurairat Ponleka|1991-10-06|maii_thai55|||Thailand|||||Q15117302=volleyball player|Q1734=volleyball|intl
Q11739251|Kim Su-ji|1987-06-20|suji6620|suji6620||South Korea|||https://en.wikipedia.org/wiki/Kim_Su-ji_(volleyball)||Q15117302=volleyball player|Q1734=volleyball|intl
Q11753635|Lee Hyo-hee|1980-08-26|leehyohee80|||South Korea|||https://en.wikipedia.org/wiki/Lee_Hyo-hee||Q15117302=volleyball player|Q1734=volleyball|intl
Q11796105|Odina Aliyeva|1990-05-22|odina_5_aliyeva|||Azerbaijan;Uzbekistan|Volleybox||https://en.wikipedia.org/wiki/Odina_Aliyeva|Athletes Unlimited Volleyball|Q15117302=volleyball player|Q1734=volleyball|intl
Q11811352|Park Jeong-ah|1993-03-26|_jjeong333_|||South Korea||http://www.worldofvolley.com/wov-community/players/11396.html|https://en.wikipedia.org/wiki/Park_Jeong-ah_(volleyball)||Q15117302=volleyball player|Q1734=volleyball|intl
Q11817026|Pilar Marie Victoria|1995-10-11|pilarvictoria21|||United States|||https://en.wikipedia.org/wiki/Pilar_Marie_Victori%C3%A1|Arkansas Razorbacks women's volleyball;Texas Longhorns women's volleyball|Q15117302=volleyball player|Q1734=volleyball|ncaa
Q12279703|Elena Yaramova|1984-08-29|elena_yaramova|||Bulgaria|||||Q15117302=volleyball player;Q1930187=journalist|Q2736=association football|intl
Q12611826|Lee So-young|1994-10-17|so02_1|||South Korea|||https://en.wikipedia.org/wiki/Lee_So-young_(volleyball)||Q15117302=volleyball player|Q1734=volleyball|intl
Q13422431|Arunima Sinha|1988-07-20|dr.arunima_sinha|sinha_arunima||India|||https://en.wikipedia.org/wiki/Arunima_Sinha||Q15117302=volleyball player;Q9149093=mountaineer|Q1734=volleyball|intl
Q13426483|Tanja Hüberli|1992-08-27|tanjahueberli|||Switzerland||http://www.worldofvolley.com/wov-community/players/14822.html|https://en.wikipedia.org/wiki/Tanja_H%C3%BCberli||Q15117302=volleyball player;Q17361156=beach volleyball player|Q1734=volleyball;Q4543=beach volleyball|beach
Q13476439|Panagiota Karagkouni|1993-01-07|penykaragkouni|||Greece|||https://en.wikipedia.org/wiki/Peny_Karagkouni||Q15117302=volleyball player;Q17361156=beach volleyball player|Q4543=beach volleyball|beach
Q13534184|Ágatha Bednarczuk|1983-06-22|agatha_rippel|||Brazil||http://www.bvbinfo.com/player.asp?ID=6641|https://en.wikipedia.org/wiki/%C3%81gatha_Bednarczuk||Q15117302=volleyball player;Q17361156=beach volleyball player|Q4543=beach volleyball|beach
Q13551280|Lauren Fendrick|1982-03-20||LaurenFendrick||United States||http://www.bvbinfo.com/player.asp?ID=5237|https://en.wikipedia.org/wiki/Lauren_Fendrick|UCLA Bruins women's volleyball|Q15117302=volleyball player;Q17361156=beach volleyball player|Q4543=beach volleyball|beach
Q13560482|Mariafe Artacho del Solar|1993-10-24|mariafe_beach1|MariafeADS||Australia;Peru|InterSportStats|http://www.bvbinfo.com/player.asp?ID=8395|https://en.wikipedia.org/wiki/Mariafe_Artacho_del_Solar||Q15117302=volleyball player;Q17361156=beach volleyball player|Q4543=beach volleyball|beach
Q13569889|Heather Bansley|1987-09-13|heatherbansley|HeatherBansley||Canada||http://www.bvbinfo.com/player.asp?ID=9176|https://en.wikipedia.org/wiki/Heather_Bansley||Q17361156=beach volleyball player|Q4543=beach volleyball|beach
Q13580969|Taliqua Clancy|1992-06-25|taliqua|TaliquaClancy||Australia|||https://en.wikipedia.org/wiki/Taliqua_Clancy||Q15117302=volleyball player;Q17361156=beach volleyball player|Q4543=beach volleyball|beach
Q14865206|Cristina Chirichella|1994-02-10|cristinachirichella10|||Italy|||https://en.wikipedia.org/wiki/Cristina_Chirichella||Q15117302=volleyball player|Q1734=volleyball|intl
Q14877718|Ilka Van de Vyver|1993-01-26|ilka_vdvyver|||Belgium||http://www.volleyball-bundesliga.de/popup/teamMember/teamMemberDetails.xhtml?teamMemberId=59514540|https://en.wikipedia.org/wiki/Ilka_Van_de_Vyver||Q15117302=volleyball player|Q1734=volleyball|intl
Q14878184|Nina Coolman|1991-01-25|ninacoolman|||Belgium||http://www.bvbinfo.com/player.asp?ID=17407;http://www.worldofvolley.com/wov-community/players/12997.html|https://en.wikipedia.org/wiki/Nina_Coolman||Q15117302=volleyball player|Q1734=volleyball;Q4543=beach volleyball|beach
Q14878223|Valérie Courtois|1990-11-01|valerie_courtois|||Belgium|VBL database;Volleybox;WorldofVolley||https://en.wikipedia.org/wiki/Val%C3%A9rie_Courtois||Q15117302=volleyball player|Q1734=volleyball|intl
Q14912022|Celeste Plak|1995-10-26|celesteplak|||Kingdom of the Netherlands|Olympedia||https://en.wikipedia.org/wiki/Celeste_Plak||Q15117302=volleyball player|Q1734=volleyball|intl
Q14912023|Yvon Beliën|1993-12-28|yvon.belien|||Kingdom of the Netherlands||http://www.worldofvolley.com/wov-community/players/14737.html|https://en.wikipedia.org/wiki/Yvon_Beli%C3%ABn||Q15117302=volleyball player|Q1734=volleyball|intl
Q15061790|Dominika Valachová|1986-06-04|domivalachova|||Slovakia|FIVB database;VBL database;Volleybox;WorldofVolley||||Q15117302=volleyball player|Q1734=volleyball|intl
Q15066177|Manolina Konstantinou|1993-04-10|manolinakonst|||Cyprus|||https://en.wikipedia.org/wiki/Manolina_Konstantinou||Q15117302=volleyball player;Q17361156=beach volleyball player|Q1734=volleyball;Q4543=beach volleyball|beach
Q15066184|Sofia Kosma|1993-11-15|sofiakosma|||Greece||https://www.greekvolley.gr/index.php/news/metagrafika/item/5021-kosma-sofia.html|https://en.wikipedia.org/wiki/Sofia_Kosma||Q15117302=volleyball player|Q1734=volleyball;Q4543=beach volleyball|beach
Q15832785|Louisa Lippmann|1994-09-23|louisa_lippmann|||Germany|DOSB database|http://www.volleyball-verband.de/de/kader/nationalmannschaft--a-frauen-/spielerinnen--amp--trainer/louisa-lippmann/;https://sportinternat-muenster.de/user/43|https://en.wikipedia.org/wiki/Louisa_Lippmann||Q15117302=volleyball player;Q17361156=beach volleyball player|Q1734=volleyball;Q4543=beach volleyball|beach
Q15833868|Maria Eckelmann|1995-03-30|mariaeckelmann|||Germany|Beach Volleyball Database;VBL database;Volleybox||||Q15117302=volleyball player;Q20730881=volleyball coach|Q1734=volleyball|intl
Q15852823|Victoria Bieneck|1991-03-26|toribieneck|||Germany|||||Q15117302=volleyball player|Q1734=volleyball;Q4543=beach volleyball|beach
Q15918474|Hayley Spelman|1991-06-11|hayley_spelman|||United States||https://www.legavolleyfemminile.it/?page_id=194&idat=SPE-HAY|||Q15117302=volleyball player|Q1734=volleyball;Q4543=beach volleyball|beach
Q15953886|Shanice Marcelle|1990-05-28|shanicemarcelle18|shanicem||Canada|Beach Volleyball Database;FIVB database;Volleybox;WorldofVolley||https://en.wikipedia.org/wiki/Shanice_Marcelle||Q15117302=volleyball player;Q17361156=beach volleyball player;Q20730881=volleyball coach|Q1734=volleyball;Q4543=beach volleyball|beach
Q15976332|Nikola Radosova|1992-05-03|nikarados|||Slovakia|FIVB database;VBL database;Volleybox;WorldofVolley||https://en.wikipedia.org/wiki/Nikola_Radosov%C3%A1||Q15117302=volleyball player|Q1734=volleyball|intl
Q16175098|Lee Go-eun|1995-01-09|leegoeun6|||South Korea|||||Q15117302=volleyball player|Q1734=volleyball|intl
Q16200814|Marta Gens|1969-12-30||gensmarta||Spain|Catalan Sport Encyclopedia||https://en.wikipedia.org/wiki/Marta_Gens||Q15117302=volleyball player|Q1734=volleyball|intl
Q16264497|Mami Uchiseto|1991-10-25|mami.uchiseto|MamiV025v||Japan|||https://en.wikipedia.org/wiki/Mami_Uchiseto||Q15117302=volleyball player|Q1734=volleyball|intl
Q16382969|Mabel Caro|1991-03-13|mabicaro|mabi_caro||Spain|||||Q15117302=volleyball player;Q27349=dentist|Q1734=volleyball|intl
Q16469200|Ilaria Spirito|1994-02-20|ilariaspirito5|||Italy||http://www.worldofvolley.com/wov-community/players/17958.html|https://en.wikipedia.org/wiki/Ilaria_Spirito||Q15117302=volleyball player|Q1734=volleyball|intl
Q16520278|Myriam Sylla|1995-01-08|miriamsylla|||Italy|||https://en.wikipedia.org/wiki/Myriam_Sylla||Q15117302=volleyball player|Q1734=volleyball|intl
Q16526207|Aliona Martiniuc|1991-06-22|wagneralionka|||Moldova|||||Q15117302=volleyball player|Q1734=volleyball|intl
Q16526587|Ana Silva|1991-04-08|carolana15|||Brazil|||https://en.wikipedia.org/wiki/Ana_Carolina_da_Silva||Q15117302=volleyball player;Q17361156=beach volleyball player|Q1734=volleyball|beach
Q16527573|Alena Fedarynchyk|1993-07-03|alesha_f7|||Belarus|||https://en.wikipedia.org/wiki/Alena_Fedarynchyk||Q15117302=volleyball player|Q1734=volleyball;Q4543=beach volleyball|beach
Q16647881|Kaja Grobelna|1995-01-04|kajagrobelna|||Belgium|VBL database||https://en.wikipedia.org/wiki/Kaja_Grobelna||Q15117302=volleyball player|Q1734=volleyball|intl
Q16653193|Lara Nobre|1989-02-11|larinha_nobre|||Brazil|||https://en.wikipedia.org/wiki/Lara_Nobre||Q15117302=volleyball player|Q1734=volleyball|intl
Q16663617|María Lamprinídou|1986-06-29|marialampri|||Greece||http://www.worldofvolley.com/wov-community/players/13913.html|||Q15117302=volleyball player|Q1734=volleyball|intl
Q16666029|Nadzeya Smirnova|1990-12-14|masiania1412|||Belarus||http://www.bvbinfo.com/player.asp?ID=12295|https://en.wikipedia.org/wiki/Nadzeya_Malasai||Q15117302=volleyball player|Q1734=volleyball;Q4543=beach volleyball|beach
Q16683779|Yuliya Gerasymova|1989-09-15|krosha9||youliyagerasimova|Ukraine||http://www.worldofvolley.com/wov-community/players/13737.html|https://en.wikipedia.org/wiki/Yuliya_Gerasymova||Q15117302=volleyball player|Q1734=volleyball|intl
Q16739002|Michele Gumabao|1992-09-02|gumabaomichele|gumabaomichele||Philippines|||https://en.wikipedia.org/wiki/Michele_Gumabao||Q15117302=volleyball player;Q3665646=basketball player|Q5372=basketball|intl
Q16893346|Katerina Giota|1990-07-03|katerina_giota_|||Greece||http://www.worldofvolley.com/wov-community/players/17052.html|https://en.wikipedia.org/wiki/Katerina_Giota||Q15117302=volleyball player|Q1734=volleyball|intl
Q16929668|Dora Grozer|1995-11-21|dora_grozer|||Germany||http://www.worldofvolley.com/wov-community/players/62497.html|||Q15117302=volleyball player|Q1734=volleyball|intl
Q16999763|Audrey Cooper|1964-12-07||ladycoach_coops||United Kingdom||http://www.bvbinfo.com/player.asp?ID=1312|https://en.wikipedia.org/wiki/Audrey_Cooper_(volleyball)||Q15117302=volleyball player|Q1734=volleyball;Q4543=beach volleyball|beach
Q17159624|Zhu Ting|1994-11-29|zhuting1129|||People's Republic of China|Olympedia||https://en.wikipedia.org/wiki/Zhu_Ting_(volleyball)||Q15117302=volleyball player|Q1734=volleyball|intl
Q17160036|Chiyo Suzuki|1993-11-18|chiyo.0514|ponchi4355||Japan|||||Q15117302=volleyball player|Q4543=beach volleyball|beach
Q17180767|Aby Maraño|1992-12-22|abymarano|||Philippines|||https://en.wikipedia.org/wiki/Aby_Mara%C3%B1o||Q15117302=volleyball player;Q3665646=basketball player|Q5372=basketball|intl
Q17265995|Kelsey Robinson|1992-06-25|krobin32|||United States|||https://en.wikipedia.org/wiki/Kelsey_Robinson|Nebraska Cornhuskers women's volleyball;Tennessee Lady Volunteers volleyball;United States women's national volleyball team|Q15117302=volleyball player;Q17361156=beach volleyball player|Q1734=volleyball|beach
Q17266623|Martyna Grajber|1995-03-28|here_marcia|||Poland||http://www.worldofvolley.com/wov-community/players/14896.html|https://en.wikipedia.org/wiki/Martyna_Grajber||Q15117302=volleyball player|Q1734=volleyball|intl
Q17285056|Molly Kreklow|1992-02-17|mkreklowtaylor|||United States|Volleybox;WorldofVolley||https://en.wikipedia.org/wiki/Molly_Kreklow|Missouri Tigers women's volleyball|Q15117302=volleyball player|Q1734=volleyball|ncaa
Q17290262|Simona Kóšová|1992-03-27|simkaa11|||Slovakia|FIVB database;VBL database;Volleybox;WorldofVolley||||Q15117302=volleyball player|Q1734=volleyball|intl
Q17349950|An Saita|1993-01-27|an_saita|an01hng||Japan|VBL database||||Q15117302=volleyball player|Q1734=volleyball|intl
Q17350640|Anastasiya Harelik|1991-03-20|anastasiya_harelik|||Belarus;Russia|||https://en.wikipedia.org/wiki/Anastasiya_Harelik||Q15117302=volleyball player|Q1734=volleyball|intl
Q17399571|Beatrice Parrocchiale|1995-12-26|bealibero|||Italy|||https://en.wikipedia.org/wiki/Beatrice_Parrocchiale||Q15117302=volleyball player|Q1734=volleyball|intl
Q18637953|Aleona Denise Santiago|1993-09-26|dindinquickersantiago|||Philippines|||https://en.wikipedia.org/wiki/Dindin_Santiago-Manabat||Q15117302=volleyball player|Q1734=volleyball|intl
Q18812039|Micha Hancock|1992-11-10|michahancock|||United States|Freebase Data Dumps||https://en.wikipedia.org/wiki/Micha_Hancock|Penn State Nittany Lions women's volleyball;United States women's national volleyball team|Q15117302=volleyball player|Q1734=volleyball|ncaa
Q18822173|Susan Egoavil|1988-01-16||susan_indira||Peru|InterSportStats|http://www.worldofvolley.com/wov-community/players/50762.html|https://en.wikipedia.org/wiki/Susan_Egoavil||Q15117302=volleyball player|Q1734=volleyball|intl
Q19577569|Taylor Pischke|1993-04-18|taylor_pischke|taylorpischke||Canada||http://www.bvbinfo.com/player.asp?ID=14046|https://en.wikipedia.org/wiki/Taylor_Wilson_(volleyball)|UC Santa Barbara Gauchos women's volleyball|Q17361156=beach volleyball player|Q4543=beach volleyball|beach
Q19650270|Tricia Santos|1995-05-18|itstricias|||Philippines|||https://en.wikipedia.org/wiki/Tricia_Santos||Q15117302=volleyball player;Q33999=actor;Q4610556=model|Q1734=volleyball|intl
Q19912309|Sydel Curry|1994-10-20|sydelcurry|sydelcurry||United States||https://www.famousbirthdays.com/people/sydel-curry.html|||Q15117302=volleyball player|Q1734=volleyball|intl
Q19984711|Haley Eckerman|1992-11-10|haymama10|||United States|||https://en.wikipedia.org/wiki/Haley_Eckerman|Texas Longhorns women's volleyball|Q15117302=volleyball player|Q1734=volleyball|ncaa
Q20666400|Macris Carneiro|1989-03-03|macriscarneiro|||Brazil||https://www.cob.org.br/pt/cob/time-brasil/atletas/macris-carneiro/|https://en.wikipedia.org/wiki/Macris_Carneiro||Q15117302=volleyball player|Q1734=volleyball|intl
Q20675990|Tanya Beths|1989-01-16|tanyabeths|TanyaBeths||Australia|||https://en.wikipedia.org/wiki/Tanya_Beths||Q12840545=handball player;Q17361156=beach volleyball player;Q4610556=model;Q57749966=beach handball player|Q8418=handball|beach
Q20676337|Cha Cruz|1988-05-11|chaarcruz|chaarcruz||Philippines|||https://en.wikipedia.org/wiki/Cha_Cruz-Behag||Q15117302=volleyball player|Q1734=volleyball|intl
Q20676522|Kim Kianna Dy|1995-07-26|kiannady|||Philippines||http://www.worldofvolley.com/wov-community/players/90452.html|https://en.wikipedia.org/wiki/Kim_Kianna_Dy||Q15117302=volleyball player|Q1734=volleyball|intl
Q20677029|Melissa Humana-Paredes|1992-10-10|melissahumanaparedes|melissa_hp10||Canada||http://www.bvbinfo.com/player.asp?ID=10798|https://en.wikipedia.org/wiki/Melissa_Humana-Paredes||Q17361156=beach volleyball player|Q4543=beach volleyball|beach
Q20723829|Rosamaria Montibeller|1994-04-09|rosamariaoficial|||Brazil|Olympedia|http://www.worldofvolley.com/wov-community/players/7060.html|https://en.wikipedia.org/wiki/Rosamaria_Montibeller||Q15117302=volleyball player|Q1734=volleyball|intl
Q20740830|Kim Fajardo|1993-09-30|kimfajardo9|kimfajardo9||Philippines|||https://en.wikipedia.org/wiki/Kim_Fajardo||Q15117302=volleyball player|Q1734=volleyball|intl
Q20745228|Mika Reyes|1994-06-21|reyesmikaaa|mikareyesss||Philippines|||https://en.wikipedia.org/wiki/Mika_Reyes||Q15117302=volleyball player|Q1734=volleyball|intl
Q20851326|Nina Herelová|1993-07-30|niniqe|||Slovakia|Volleybox;svf.sk|http://www.svf.sk/sk/reprezentacia/zeny/repre/blokar/nina-herelova/|https://en.wikipedia.org/wiki/Nina_Herelov%C3%A1||Q15117302=volleyball player|Q1734=volleyball|intl
Q20987611|Maret Grothues|1988-09-16|maret1988|MareGrothu||Kingdom of the Netherlands|Olympedia||https://en.wikipedia.org/wiki/Maret_Grothues||Q15117302=volleyball player|Q1734=volleyball|intl
Q20993714|Mira Todorova|1994-04-12|miraatodorova|||Bulgaria||https://www.volleyball.world/en/vnl/2019/women/teams/bul-bulgaria/players/mira-todorova?id=70857|https://en.wikipedia.org/wiki/Mira_Todorova||Q15117302=volleyball player|Q1734=volleyball|intl
Q21020323|Suellen Lima|1989-11-04|suellendellangelica|||Brazil|||https://en.wikipedia.org/wiki/Suellen_Cristine_Delangelica_Lima||Q15117302=volleyball player|Q1734=volleyball|intl
Q21035426|Bianka Buša|1994-07-25|biankica_1|||Serbia|||https://en.wikipedia.org/wiki/Bianka_Bu%C5%A1a||Q15117302=volleyball player|Q1734=volleyball|intl
Q21064253|Carmela Tunay|1995-06-08|carmelaloo08|||Philippines|||https://en.wikipedia.org/wiki/Carmela_Tunay||Q15117302=volleyball player;Q33999=actor|Q1734=volleyball|intl
Q22070170|Katherine Bell|1993-03-05|_khatbell|_khatbell||United States|||https://en.wikipedia.org/wiki/Khat_Bell||Q15117302=volleyball player|Q1734=volleyball|intl
Q22668149|Maryna Paulava|1989-01-21|mari_paulava|||Belarus|||||Q15117302=volleyball player|Q1734=volleyball;Q4543=beach volleyball|beach
Q22956611|Andrea Aguilera|1993-09-24|andreaaguileraoficial|||Colombia|||https://en.wikipedia.org/wiki/Andrea_Aguilera_(Colombian_model)||Q15117302=volleyball player|Q1734=volleyball|intl
Q22956632|Triza Atuka|1992-04-14|trizahatuka||||||https://en.wikipedia.org/wiki/Triza_Atuka||Q15117302=volleyball player|Q1734=volleyball|intl
Q22956635|Baek Mok-hwa|1989-08-30|moka_latte_12|||South Korea|||https://en.wikipedia.org/wiki/Baek_Mok-hwa||Q15117302=volleyball player|Q1734=volleyball|intl
Q22956668|Danielle Brisebois|1994-08-12|danibreez|||Canada||https://www.cev.eu/PlayerDetail.aspx?PlayerID=75460|||Q15117302=volleyball player|Q1734=volleyball|intl
Q22956687|Chae Seon-ah|1992-06-08|seonahchae|||South Korea|||https://en.wikipedia.org/wiki/Chae_Seon-ah||Q15117302=volleyball player|Q1734=volleyball|intl
Q22956928|Nathalie Lemmens|1995-03-12|nathalielemmens|||Belgium|VBL database;Volleybox;WorldofVolley|https://www.dscvolley.de/nathalie-lemmens/|||Q15117302=volleyball player|Q1734=volleyball|intl
Q22956987|Iza Mlakar|1995-11-14|izamlakar1|iza_mlakar||Slovenia|||||Q15117302=volleyball player|Q1734=volleyball|intl
Q22957024|Julie Oliveira|1995-04-01|julie0lvr|||France|||||Q15117302=volleyball player|Q1734=volleyball|intl
Q22957038|Ágnes Pallag|1993-09-02|agnespallag|||Hungary||https://1.bundesliga.vfb-suhl.de/player/agnes-pallag/|https://en.wikipedia.org/wiki/%C3%81gnes_Pallag||Q15117302=volleyball player|Q1734=volleyball|intl
Q22957162|Gréta Szakmáry|1991-12-31|szakygreta|||Hungary||http://www.cev.lu/PlayerDetail.aspx?PlayerID=7048|https://en.wikipedia.org/wiki/Gr%C3%A9ta_Szakm%C3%A1ry||Q15117302=volleyball player|Q1734=volleyball|intl
Q22957168|Alla Teterina|1962-02-24|superttera|||Azerbaijan|||https://en.wikipedia.org/wiki/Alla_Teterina||Q15117302=volleyball player|Q1734=volleyball|intl
Q23020603|Emma Wiggs|1980-06-14|emmawiggs|emwiggsy||United Kingdom|||https://en.wikipedia.org/wiki/Emma_Wiggs||Q121518410=para canoeist;Q15117302=volleyball player|Q213934=canoeing and kayaking|intl
Q23542727|Jani Batista|1986-08-13|janiatleta.oficial|||Brazil||https://cpb.org.br/atletas/jani-freitas-batista/|||Q15117302=volleyball player|Q1734=volleyball|intl
Q23664770|Nathalie Filomena|1990-04-13|nathaliefilomena|||Brazil|||https://en.wikipedia.org/wiki/Nathalie_Filomena||Q15117302=volleyball player|Q1734=volleyball|intl
Q23872232|Andrea Drews|1993-12-25|adrews04|||United States|||https://en.wikipedia.org/wiki/Andrea_Drews|Purdue Boilermakers women's volleyball;United States women's national volleyball team|Q15117302=volleyball player|Q1734=volleyball|ncaa
Q23879958|Monika Sta. Maria|1991-07-13|monikastamaria|||Philippines|||https://en.wikipedia.org/wiki/Monika_Sta._Maria||Q15117302=volleyball player;Q33999=actor;Q4610556=model|Q1734=volleyball|intl
Q24451753|Majoy Baron|1995-12-10|majoybaron|||Philippines|||https://en.wikipedia.org/wiki/Majoy_Baron||Q15117302=volleyball player|Q1734=volleyball|intl
Q24687021|Nina Brunner|1995-10-14|ninabru.nner|||Switzerland|Olympedia||https://en.wikipedia.org/wiki/Nina_Brunner||Q15117302=volleyball player;Q17361156=beach volleyball player|Q4543=beach volleyball|beach
Q24954247|Nur Sevil Aydınlar|1995-11-28|nursevilaydnlr|NurSevilAydnlr||Turkey|||||Q15117302=volleyball player|Q1734=volleyball|intl
Q24956528|Megan Courtney|1993-10-27|megcourt17|||United States|||https://en.wikipedia.org/wiki/Megan_Courtney|Penn State Nittany Lions women's volleyball|Q15117302=volleyball player|Q1734=volleyball|ncaa
Q25473387|Sezgi Sena Akay|1995-10-31|sezgisenaakay|senasezgiakay||Turkey|Česko-Slovenská filmová databáze||https://en.wikipedia.org/wiki/Sezgi_Sena_Akay||Q15117302=volleyball player;Q33999=actor;Q4610556=model|Q1734=volleyball|intl
Q25970442|Frauke Neuhaus|1993-04-20|frau_casanova|||Germany|FIVB database;VBL database;WorldofVolley|http://www.ladies-in-black.de/neuzugang-nummer-5-ist-eine-junge-deutsche-diagonalspielerin/|||Q15117302=volleyball player|Q1734=volleyball|intl
Q26262233|Lindsay Dowd|1991-05-14|nodowdaboutit4|||United States|Volleybox|||UC Davis Aggies women's volleyball|Q15117302=volleyball player|Q1734=volleyball|ncaa
Q27267600|Laiana Batista|1982-05-08|laianarodrigues12|||Brazil|||https://en.wikipedia.org/wiki/Laiana_Batista||Q15117302=volleyball player|Q1734=volleyball|intl
Q27808285|Alena Laziuk|1990-07-24|alenalozyk|||Belarus||https://women.volleybox.net/alena-laziuk-p19759/clubs|||Q15117302=volleyball player;Q2066131=athlete|Q1734=volleyball|intl
Q28682594|Kaori Okamoto|1975-12-11|kaorin1211|kaorin1211|laughcrowns|Japan|||||Q15117302=volleyball player;Q270389=news presenter||intl
Q29358891|Ekaterina Evdokimova|1994-09-10|makarena7059|||Russia|||https://en.wikipedia.org/wiki/Ekaterina_Evdokimova||Q15117302=volleyball player|Q1734=volleyball|intl
Q31277583|Aliki Konstantinidou|1969-06-26|alicia_kon|||Greece|||https://en.wikipedia.org/wiki/Aliki_Konstantinidou||Q15117302=volleyball player|Q1734=volleyball|intl
Q32959458|Brandie Wilkerson|1992-07-01|bvuilleumier|||Canada;Switzerland;United States||http://www.bvbinfo.com/player.asp?ID=14956|https://en.wikipedia.org/wiki/Brandie_Wilkerson||Q17361156=beach volleyball player|Q4543=beach volleyball|beach
Q32979670|Camille Saxton|1991-04-08|mrscamilleee|camillesaxton||Canada||http://www.bvbinfo.com/player.asp?ID=14937|||Q17361156=beach volleyball player|Q4543=beach volleyball|beach
Q33059544|Sara Hughes|1995-02-14|sarahughesbeach||sarahughesbeach|United States||http://www.bvbinfo.com/player.asp?ID=13154|https://en.wikipedia.org/wiki/Sara_Hughes||Q17361156=beach volleyball player|Q4543=beach volleyball|beach
Q33059883|Kelly Cheng|1995-09-18|kellycheng|||United States||http://www.bvbinfo.com/player.asp?ID=14478|https://en.wikipedia.org/wiki/Kelly_Cheng||Q17361156=beach volleyball player|Q4543=beach volleyball|beach
Q33709942|Jelena Šunjić|1994-01-04|jelena_24|||Croatia||http://www.theohofland.nl/female-players-opposite/Jelena-Sunjic/219.html|||Q15117302=volleyball player|Q1734=volleyball|intl
Q34333837|Gabriela Filippo|1986-07-21|gabifilippo_|||Paraguay||http://www.bvbinfo.com/player.asp?ID=16160|||Q17361156=beach volleyball player|Q4543=beach volleyball|beach
Q35650757|Paula Soria Gutiérrez|1993-01-31|paula.soria.gutierrez|||Spain|||https://en.wikipedia.org/wiki/Paula_Soria||Q15117302=volleyball player;Q17361156=beach volleyball player|Q4543=beach volleyball|beach
Q39523178|Lauren Carlini|1995-02-28|laurencarlini|||United States|||https://en.wikipedia.org/wiki/Lauren_Carlini|United States women's national volleyball team;Wisconsin Badgers women's volleyball|Q15117302=volleyball player|Q1734=volleyball|ncaa
Q39523235|Justine Wong-Orantes|1995-10-06|jwongorantes|||United States||http://www.bvbinfo.com/player.asp?ID=13155;https://huskers.com/sports/volleyball/roster/season/2016/player/justine-wong-orantes|https://en.wikipedia.org/wiki/Justine_Wong-Orantes|Nebraska Cornhuskers women's volleyball;United States women's national volleyball team|Q15117302=volleyball player|Q1734=volleyball;Q4543=beach volleyball|beach
Q41799642|Ivana Vanjak|1995-05-30|ivanjak95|||Germany|||https://en.wikipedia.org/wiki/Ivana_Vanjak||Q15117302=volleyball player|Q1734=volleyball|intl
Q41806462|Simge Aköz|1991-04-23|simgeakoz|Akzsimge||Turkey||https://eurovolley.cev.eu/team/12624-turkiye/player/66607-sebnem-akoz-simge|https://en.wikipedia.org/wiki/Simge_%C5%9Eebnem_Ak%C3%B6z||Q15117302=volleyball player|Q1734=volleyball|intl
Q42290093|Selma Hetmann|1995-10-27|selmahetmann|||Germany|Volleybox||||Q15117302=volleyball player|Q1734=volleyball|intl
Q42904009|Katja Saari|1971-01-01|katsaari|||Finland|||||Q15117302=volleyball player;Q18667447=pesäpallo player;Q762121=personal trainer;Q974144=educator|Q1295867=pesäpallo;Q1734=volleyball|intl
Q43374020|Beyza Arıcı|1995-07-27|beyzaarici4|||Turkey||https://www.eczacibasisporkulubu.org.tr/eczacibasi-dynavit-takimi/beyza-arici|https://en.wikipedia.org/wiki/Beyza_Ar%C4%B1c%C4%B1||Q15117302=volleyball player|Q1734=volleyball|intl
Q46998355|Erika Mercado|1992-02-27|erikamercado7|||Argentina;Ecuador||http://www.volleyball-bundesliga.de/popup/teamMember/teamMemberDetails.xhtml?teamMemberId=59461502|https://en.wikipedia.org/wiki/Erika_Mercado||Q15117302=volleyball player|Q1734=volleyball|intl
Q46998410|Emily Thater|1995-02-01|emilythater|emilythater||United States|VBL database;Volleybox|https://mutigers.com/sports/womens-volleyball/roster/emily-thater/5180||Missouri Tigers women's volleyball|Q15117302=volleyball player|Q1734=volleyball|ncaa
Q48838372|Paige Tapp|1995-06-21|paigetapp|||United States||https://www.cev.eu/PlayerDetails.aspx?TeamID=11099&SeasonID=0&SeasonType=&G=&PlayerID=73109|https://en.wikipedia.org/wiki/Paige_Sander||Q15117302=volleyball player|Q1734=volleyball|intl
Q51883258|Raquel Löff da Silva|1995-01-02|raquelloff|||Brazil;Portugal|Volleybox||||Q15117302=volleyball player|Q1734=volleyball|intl
Q55217322|Chiaka Ogbogu|1995-04-15|chiaka11|ChiakaOgbogu||United States|Olympedia||https://en.wikipedia.org/wiki/Chiaka_Ogbogu|Texas Longhorns women's volleyball;United States women's national volleyball team|Q15117302=volleyball player|Q1734=volleyball|ncaa
Q55390354|Athina Papafotiou|1989-08-23|athi_papaf|||Greece||http://www.legavolleyfemminile.it/?page_id=194&idat=PAP-ATH-89|https://en.wikipedia.org/wiki/Athina_Papafotiou||Q15117302=volleyball player|Q1734=volleyball;Q4543=beach volleyball|beach
Q55586877|Ayanna Dyette|1986-01-10|yanni_balli|trinigirlyanni||Trinidad and Tobago|||https://en.wikipedia.org/wiki/Ayanna_Dyette||Q15117302=volleyball player;Q17361156=beach volleyball player|Q1734=volleyball;Q4543=beach volleyball|beach
Q56044679|Krystal Rivers|1994-05-23|krysdenise|||United States||https://www.cev.eu/Competition-Area/PlayerDetails.aspx?TeamID=10583&PlayerID=72414&ID=1037|https://en.wikipedia.org/wiki/Krystal_Rivers|Alabama Crimson Tide women's volleyball;United States women's national volleyball team|Q15117302=volleyball player|Q1734=volleyball|ncaa
Q56062458|Odette Ndoye|1992-08-25|dedettevb|||France||http://www.worldofvolley.com/wov-community/players/29137.html|||Q15117302=volleyball player|Q1734=volleyball|intl
Q56062508|Elena Vukić|1991-12-10|elenavukic|||Croatia||http://www.worldofvolley.com/wov-community/players/20087.html|https://en.wikipedia.org/wiki/Elena_Vuki%C4%87||Q15117302=volleyball player|Q1734=volleyball|intl
Q58011215|Naya Crittenden|1995-06-15|nayacrittenden|||United States||https://www.legavolleyfemminile.it/?page_id=194&idat=CRI-NAY-95||Illinois Fighting Illini women's volleyball;Oregon Ducks women's volleyball|Q15117302=volleyball player|Q1734=volleyball|ncaa
Q58133729|Janisa Johnson|1991-09-22|janisa.johnson|||United States||https://sport.wprost.pl/siatkowka/11709802/janisa-johnson-nie-zyje-byla-siatkarka-radomki-miala-32-lata.html|https://en.wikipedia.org/wiki/Janisa_Johnson||Q15117302=volleyball player|Q1734=volleyball|intl
Q58891001|Elena Kountoura|1992-05-03|elena_kountoura|||Greece|||||Q15117302=volleyball player|Q1734=volleyball|intl
Q58892374|Panagiota Rogka|1987-07-04|pennitorogka|||Greece||http://www.worldofvolley.com/wov-community/players/17063.html|||Q15117302=volleyball player|Q1734=volleyball|intl
Q58893369|Apostolia Nousia|1991-03-13|apostolia_nou|||Greece||http://www.worldofvolley.com/wov-community/players/21450.html|||Q15117302=volleyball player|Q1734=volleyball|intl
Q58893499|Maria Oikonomidou|1992-08-18|blackie.10|||Greece||http://www.worldofvolley.com/wov-community/players/119122.html|||Q15117302=volleyball player|Q1734=volleyball|intl
Q58893891|Natalia Metaxa|1992-06-08|natalia.mtx|||Greece||http://www.worldofvolley.com/wov-community/players/98551.html|||Q15117302=volleyball player|Q1734=volleyball|intl
Q58948373|Anna Karpouza|1990-01-09|anna_k_z|||Greece||http://www.worldofvolley.com/wov-community/players/21033.html|||Q15117302=volleyball player|Q1734=volleyball|intl
Q59209361|Haleigh Washington|1995-09-22|hales__storm|Hales__Yeah||United States|Olympedia|https://www.volleyball.world/en/volleyball/ioqt/2019/women-pool3/teams/usa-usa/players/haleigh_washington?id=75733|https://en.wikipedia.org/wiki/Haleigh_Washington|Penn State Nittany Lions women's volleyball;United States women's national volleyball team|Q15117302=volleyball player|Q1734=volleyball|ncaa
Q59858417|Aleksandra Jegdić|1994-10-09|aleksandra1jegdic|||Serbia|VBL database||https://en.wikipedia.org/wiki/Aleksandra_Jegdi%C4%87||Q15117302=volleyball player|Q1734=volleyball|intl
Q60462758|Kayla Haneline|1994-07-04|kaylareahane|||United States||https://unipanthers.com/sports/womens-volleyball/roster/kayla-haneline/3274|https://en.wikipedia.org/wiki/Kayla_Haneline||Q15117302=volleyball player|Q1734=volleyball|intl
Q60825884|Kristina Karapetan|1992-08-03|krisik___karapetyan|||Kazakhstan;Russia|||||Q15117302=volleyball player|Q1734=volleyball|intl
Q61944285|Brittany Abercrombie|1995-12-28|brittanyabercrombie|||United States||https://usctrojans.com/roster.aspx?rp_id=6035|https://en.wikipedia.org/wiki/Brittany_Abercrombie|Puerto Rico women's national volleyball team;USC Trojans women's volleyball|Q15117302=volleyball player|Q1734=volleyball|ncaa
Q63431944|Bethany Zummo|1993-02-15|bethanyzummo|||United States|||https://en.wikipedia.org/wiki/Bethany_Zummo||Q15117302=volleyball player|Q1734=volleyball|intl
Q64005019|Resmiye Çakmak|1994-06-06|resmiyecakmak|||Turkey||http://www.bvbinfo.com/player.asp?ID=15061|||Q15117302=volleyball player;Q17361156=beach volleyball player|Q1734=volleyball;Q4543=beach volleyball|beach
Q64784044|Saki Maruyama|1991-01-01|sachachanocha|sachachanocha||Japan|||||Q15117302=volleyball player|Q1734=volleyball|intl
Q64951455|Fernanda Pereyra|1991-06-30|ferpereyra2|ferpereyra02||Argentina||http://www.bvbinfo.com/player.asp?ID=18220|https://en.wikipedia.org/wiki/Fernanda_Pereyra||Q17361156=beach volleyball player|Q4543=beach volleyball|beach
Q65162192|Sophie Bukovec|1995-01-01|sophiebukovec|||Canada|||https://en.wikipedia.org/wiki/Sophie_Bukovec||Q17361156=beach volleyball player|Q4543=beach volleyball|beach
Q65718629|Sherilyn Bashorun|1993-09-26|adebash_16|||Cameroon;France||http://www.worldofvolley.com/wov-community/players/12136.html|||Q15117302=volleyball player|Q1734=volleyball|intl
Q66124507|Nora Darrhar|1992-08-21|darrharnora|ndarrhar||Morocco||http://www.bvbinfo.com/player.asp?ID=17757|||Q17361156=beach volleyball player|Q4543=beach volleyball|beach
Q66811142|Barbora Koseková|1994-11-22|baarbor|||Slovakia|FIVB database;VBL database|http://www.svf.sk/sk/reprezentacia/zeny/repre/nahravac/barbora-kosekova/;https://brse.hu/player/kosekov%C3%A1-barbora/|https://en.wikipedia.org/wiki/Barbora_Kosekov%C3%A1||Q15117302=volleyball player|Q1734=volleyball|intl
Q66906564|Martina Šamadan|1993-09-11|martina.samadan|||Croatia||https://www.cev.eu/PlayerDetail.aspx?PlayerID=6150|https://en.wikipedia.org/wiki/Martina_%C5%A0amadan||Q15117302=volleyball player;Q17361156=beach volleyball player|Q1734=volleyball;Q4543=beach volleyball|beach
Q67179660|Oumayma Codial|1994-07-05|shayane_94|shayane_94||Italy;Morocco|||||Q15117302=volleyball player|Q1734=volleyball;Q4543=beach volleyball|beach
Q67496341|Mahsa Kadkhoda|1993-06-22|mahsakadkhoda11|||||http://www.worldofvolley.com/wov-community/players/90328.html|https://en.wikipedia.org/wiki/Mahsa_Kadkhoda||Q15117302=volleyball player|Q1734=volleyball|intl
Q67942916|Sofija Medić|1991-01-10|sofija_medic_sosa|||Serbia||https://www.cev.eu/PlayerDetail.aspx?PlayerID=21128|||Q15117302=volleyball player|Q1734=volleyball|intl
Q68017126|Ragni Steen Knudsen|1995-07-24|ragniii|||Norway||https://www.cev.eu/PlayerDetail.aspx?PlayerID=51991|||Q15117302=volleyball player|Q1734=volleyball|intl
Q68193497|Karis Watson|1992-12-30|karisw8|||United States|FIVB database;VBL database|||Clemson Tigers women's volleyball|Q15117302=volleyball player;Q20730881=volleyball coach|Q1734=volleyball|ncaa
Q68224503|Laura Miloš|1994-10-20|lauramilos|||||https://en.volleyballworld.com/volleyball/competitions/women-worldchampionship-2022/players/170571|https://en.wikipedia.org/wiki/Laura_Milo%C5%A1||Q15117302=volleyball player|Q1734=volleyball|intl
Q71717363|Megan Nagy|1989-11-30|megannag_y|megannag_y||Canada||https://volleyball.ca/en/athletes/megan-nagy|||Q17361156=beach volleyball player|Q4543=beach volleyball|beach
Q71718453|Charlotte Sider|1992-08-31|charlottesider|cjsider||Canada||https://volleyball.ca/en/athletes/charlotte-sider|||Q17361156=beach volleyball player|Q4543=beach volleyball|beach
Q71719065|Tori Cowley|1988-09-24|toricowley|||Canada||http://www.bvbinfo.com/player.asp?ID=9514|||Q17361156=beach volleyball player|Q4543=beach volleyball|beach
Q71719490|Kerri Battiston|1989-06-18|klynnbatti|klsmit||Canada||http://www.bvbinfo.com/player.asp?ID=14776|||Q17361156=beach volleyball player|Q4543=beach volleyball|beach
Q78885387|Olga Vergidou|1991-12-17|olgaver13|||Greece||http://www.worldofvolley.com/wov-community/players/46535.html|||Q15117302=volleyball player|Q1734=volleyball|intl
Q85789874|Go Yoo-min|1995-02-09|ming_ppeum_|||South Korea|||||Q15117302=volleyball player|Q1734=volleyball|intl
Q87256477|Cassidy Baird|1995-10-14|cassie_baird2|||United States|FIVB database;Volleybox|https://denverpioneers.com/sports/womens-volleyball/roster/cassie-baird/2403||Denver Pioneers women's volleyball|Q15117302=volleyball player;Q20730881=volleyball coach|Q1734=volleyball|ncaa
Q87345654|Danielle Harbin|1995-09-02|dnllharbin|||United States||https://arkansasrazorbacks.com/roster/danielle-harbin/|||Q15117302=volleyball player|Q1734=volleyball|intl
Q92248923|Wilda Siti Nurfadilah Sugandi|1995-02-07|wildanurfadhilahh|||Indonesia|||https://en.wikipedia.org/wiki/Wilda_Nurfadhilah||Q15117302=volleyball player|Q1734=volleyball|intl
Q94013833|Anna Wruck|1993-02-24|thewruckingball|||United States||http://www.tomasikagency.com/profil/anna-wruck|||Q15117302=volleyball player|Q1734=volleyball|intl
Q97539268|Kana Yoshioka|1995-10-14|kana_yoshio|14__kana||Japan|||||Q15117302=volleyball player|Q1734=volleyball|intl
Q98082815|Yurika Mizoguchi|1995-09-23|yurika_mizoguchi|AMNOS13JN||Japan|||||Q15117302=volleyball player|Q1734=volleyball|intl
Q98456574|Mina Roosta|1993-03-21|mina_roosta|||Iran|||https://en.wikipedia.org/wiki/Mina_Roosta||Q15117302=volleyball player|Q1734=volleyball|intl
Q98704581|Panagiota Dioti|1992-11-13|dioti_giota|||Greece||http://www.worldofvolley.com/wov-community/players/17051.html|||Q15117302=volleyball player|Q1734=volleyball|intl
Q98758074|Risa Ohmuro|1995-11-04|o.lis23|||Japan|||||Q15117302=volleyball player|Q1734=volleyball|intl
Q99387328|Alexia Căruțașu|2003-06-10|alexiaioanacarutasu|||Romania|||https://en.wikipedia.org/wiki/Alexia_C%C4%83ru%C8%9Ba%C8%99u||Q15117302=volleyball player|Q1734=volleyball|intl
Q99519745|Konstantina Passia|1993-10-30|konstantina_pass|||Greece||https://www.greekvolley.gr/index.php/component/k2/item/30684-pasia-konstantina.html|||Q15117302=volleyball player|Q1734=volleyball|intl
Q99519790|Eirini Kelesidou|1991-05-16|eirini_kelekele|||Greece||https://www.greekvolley.gr/index.php/news/item/5019-kelessidou-irini.html|||Q15117302=volleyball player|Q1734=volleyball|intl
Q99522833|Denyse Mutatsimpundu|1993-05-27|denysemutatsimpundu2|||Burundi||http://www.bvbinfo.com/player.asp?ID=12812|||Q17361156=beach volleyball player|Q4543=beach volleyball|beach
Q100586013|Mahta Mohammadi|1990-04-13|mahtamohamadi8|||Iran|||||Q15117302=volleyball player|Q1734=volleyball|intl
Q105389038|Maria Genitsaridi|1994-06-03|maria_genit|||Greece||https://www.volleyball-bundesliga.de/popup/teamMember/teamMemberDetails.xhtml?teamMemberId=745336525&hideHistoryBackButton=true|||Q15117302=volleyball player|Q1734=volleyball|intl
Q105570759|Katsiaryna Sakolchyk|1993-07-27|katerina_sakolchyk|||Belarus||https://www.cev.eu/national-team/european-league/european-golden-league/women/team/12109-belarus/player/6101-sakolchyk-katsiaryna|||Q15117302=volleyball player|Q1734=volleyball|intl
Q105698617|Ester Ribera Boter|1979-08-26||riberaester||Spain||https://www.fivb.com/en/beachvolleyball/beachplayersdatabase/103388-ester-ribera-boter|||Q15982795=bodybuilder;Q17361156=beach volleyball player|Q4543=beach volleyball|beach
Q105706739|Han Da-hye|1995-02-28|dahye6398|||South Korea|||https://en.wikipedia.org/wiki/Han_Da-hye||Q15117302=volleyball player|Q1734=volleyball|intl
Q106634121|Anna Church|1993-07-21|annamariechurchh|||United States|VBL database||||Q15117302=volleyball player|Q1734=volleyball|intl
Q106634779|Hannah Dücking|1994-04-26|hannah494|||Germany||https://www.volleyball-bundesliga.de/popup/teamMember/teamMemberDetails.xhtml?teamMemberId=743033092&hideHistoryBackButton=true|||Q15117302=volleyball player|Q1734=volleyball|intl
Q106645112|Clara Fischer|1994-11-24|claraafischer|||Germany||https://www.volleyball-bundesliga.de/popup/teamMember/teamMemberDetails.xhtml?teamMemberId=743114581&hideHistoryBackButton=true|||Q15117302=volleyball player|Q1734=volleyball|intl
Q106676035|Pinelopi Papastergiou|1995-03-26|pinelopi_papast|||Greece||https://greekvolley.eu/index.php/players/greekwomenplayers/item/23413-papastergiou-pinelopi.html|||Q15117302=volleyball player|Q1734=volleyball|intl
Q106766507|Emma Vente|2003-02-13|emmavente|||United States||https://www.volleyball-bundesliga.de/popup/teamMember/teamMemberDetails.xhtml?teamMemberId=742805367&hideHistoryBackButton=true|||||intl
Q106766793|Jenny Wickler|1992-11-23|jenny_wickliiee|||Germany||https://www.volleyball-bundesliga.de/popup/teamMember/teamMemberDetails.xhtml?teamMemberId=742449942&hideHistoryBackButton=true|||Q15117302=volleyball player|Q1734=volleyball|intl
Q107406911|Ana Cristina de Souza|2004-04-07|ana.cristina.desouza|||Brazil|Olympedia||https://en.wikipedia.org/wiki/Ana_Cristina_de_Souza||Q15117302=volleyball player|Q1734=volleyball|intl
Q107521419|Gaudencia Makokha|1992-11-15|gaudencia_makokha|||Kenya||https://women.volleybox.net/gaudencia-makokha-p8292/clubs|https://en.wikipedia.org/wiki/Gaudencia_Makokha||Q15117302=volleyball player;Q17361156=beach volleyball player|Q1734=volleyball;Q4543=beach volleyball|beach
Q108064234|Inna Makhno|1994-10-15|innamakhno||||||https://en.wikipedia.org/wiki/Inna_Makhno||Q17361156=beach volleyball player|Q4543=beach volleyball|beach
Q108064236|Iryna Makhno|1994-10-15|ira_makhno||||||https://en.wikipedia.org/wiki/Iryna_Makhno||Q17361156=beach volleyball player|Q4543=beach volleyball|beach
Q108147302|Martyna Czyrniańska|2003-10-13|martynaczyrnianskaa|||Poland||https://www.eurosport.de/olympia/athleten/profil/czyrnianska-martyna-1928412/|https://en.wikipedia.org/wiki/Martyna_Czyrnia%C5%84ska||Q15117302=volleyball player|Q1734=volleyball|intl
Q108223322|Alexis Mathews|1991-01-23|longarmsdontcare|||United States|Volleybox||||Q15117302=volleyball player|Q1734=volleyball|intl
Q108326766|Blanca Nualart Barba|1961-02-12|blanxnualart|bnualart_blanx||Spain|Catalan Sport Encyclopedia||||Q15117302=volleyball player|Q1734=volleyball|intl
Q108695631|Amandine Giardino|1995-03-30|amandinegiardino|||France||http://www.worldofvolley.com/wov-community/players/17918.html|||Q15117302=volleyball player|Q1734=volleyball|intl
Q109485566|Горбунова, Валерия Сергеевна|2003-03-21|ya_leragorbunova_|||Russia|||||Q15117302=volleyball player|Q1734=volleyball|intl
Q109491944|Deniz Barut|1983-03-29|dnzbarut|||Turkey|||https://en.wikipedia.org/wiki/Deniz_Barut||Q10798782=television actor;Q10800557=film actor;Q15117302=volleyball player;Q33231=photographer;Q947873=television presenter|Q1734=volleyball|intl
Q110260141|Monica Salkute|1993-05-02|msalkute|||Lithuania|||||Q15117302=volleyball player|Q1734=volleyball|intl
Q110270297|Nadzeya Vladyka|1992-01-02|nadzeyachernovets|||Belarus||https://bvf.by/player/vladyko-nadezhda/;https://volleybox.net/wd-p7747|||Q15117302=volleyball player|Q1734=volleyball|intl
Q110270344|Anastasiya Kananovich|1993-01-05|nastia_konon1|||Belarus||https://www.cev.eu/national-team/european-league/european-golden-league/women/team/12109-belarus/player/6103-kananovich-anastasiya|||Q15117302=volleyball player|Q1734=volleyball|intl
Q110272655|Lizaveta Bahayeva|2003-09-03||izi7dsluwmz9len||Belarus||https://volleybox.net/wd-p17164|||Q15117302=volleyball player|Q1734=volleyball|intl
Q111575339|Kacie MacTavish|1988-10-09||KacieMacTavish||Canada|Volleybox|https://beach.volleybox.net/kacie-mactavish-p51466|||Q17361156=beach volleyball player|Q4543=beach volleyball|beach
Q111577449|Caleigh Whitaker|1990-02-14|caleigh.whitaker|||Canada|Volleybox|https://women.volleybox.net/caleigh-whitaker-p47042/|||Q17361156=beach volleyball player|Q4543=beach volleyball|beach
Q111695728|Aïta Gita Gaye|1994-10-07|aitagaye|||Senegal||http://www.todor66.com/volleyball/Africa/Women_2019.html|||Q15117302=volleyball player|Q1734=volleyball|intl
Q111904289|Aleksandra Wachowicz|1992-06-17|wachowicz_official||||||||Q17361156=beach volleyball player|Q4543=beach volleyball|beach
Q112119297|Magdalena Jurczyk|1995-10-28|magda.jurczyk|||Poland|||https://en.wikipedia.org/wiki/Magdalena_Jurczyk||Q15117302=volleyball player|Q1734=volleyball|intl
Q112664015|Lena Zewe|1992-08-02|lenazewe|||Germany||https://www.volleyball-bundesliga.de/popup/teamMember/teamMemberDetails.xhtml?teamMemberId=750863162&hideHistoryBackButton=true|||Q15117302=volleyball player|Q1734=volleyball|intl
Q112664138|Doreen Werth|1995-09-03|_doreenw_|||Germany||https://www.volleyball-bundesliga.de/popup/teamMember/teamMemberDetails.xhtml?teamMemberId=750273303&hideHistoryBackButton=true|||Q15117302=volleyball player|Q1734=volleyball|intl
Q112988491|Ekaterina Antropova|2003-03-19|e.antropova17|||Italy;Russia||https://news.sportbox.ru/Vidy_sporta/Volejbol/spbnews_NI1926146_Pasport_za_osobyje_zaslugi_Rossija_poterala_supertalantlivuju_volejbolistku|https://en.wikipedia.org/wiki/Ekaterina_Antropova||Q15117302=volleyball player|Q1734=volleyball|intl
Q113620710|Diana Lunina|1992-10-28|luninadiana|||Ukraine|||https://en.wikipedia.org/wiki/Diana_Lunina||Q17361156=beach volleyball player|Q4543=beach volleyball|beach
Q113996357|Brenda Graff|1994-07-20|brengraff|||Argentina||https://www.sport.de/volleyball/pe569414/brenda-graff/|||Q15117302=volleyball player|Q1734=volleyball|intl
Q114350368|Geena Urango|1989-08-02|urango||||||https://en.wikipedia.org/wiki/Geena_Urango||Q15117302=volleyball player;Q17361156=beach volleyball player|Q1734=volleyball|beach
Q114631961|Yolla Yuliana|1994-05-16|yollayuliana1515|||Indonesia||https://sports.okezone.com/amp/2022/07/25/40/2636140/profil-dan-biodata-yolla-yuliana-atlet-timnas-bola-voli-putri-yang-dipuji-media-vietnam-karena-kecantikannya|https://en.wikipedia.org/wiki/Yolla_Yuliana||Q15117302=volleyball player|Q1734=volleyball|intl
Q115411039|Juliana Toro|1995-01-29|juli10toro|||Colombia||https://en.volleyballworld.com/volleyball/competitions/women-worldchampionship-2022/players/141509|||Q15117302=volleyball player|Q1734=volleyball|intl
Q120892706|Marta Ozoliņa|1994-12-27|citamarta|||Latvia|||||Q15117302=volleyball player;Q17361156=beach volleyball player|Q1734=volleyball;Q4543=beach volleyball|beach
Q123906772|Fernanda Tomé|1987-08-17|tomezinha08|||Brazil|||||Q15117302=volleyball player|Q1734=volleyball|intl
Q124150989|Mahsa Arasteh|1989-01-28|mahsaa_arasteh|||Iran|||https://en.wikipedia.org/wiki/Mahsa_Arasteh||Q15117302=volleyball player;Q20730881=volleyball coach|Q1734=volleyball|intl
Q125005648|Vanessa Bonacossi|1986-01-19|pink_panthere_|||France|||||Q15117302=volleyball player;Q17361156=beach volleyball player|Q1734=volleyball;Q4543=beach volleyball|beach
Q129156808|Abby Hornacek|1994-04-25|abbyhornacek|abbyhornacek|abbyhornacek_|United States||http://www.bvbinfo.com/player.asp?ID=13815|https://en.wikipedia.org/wiki/Abby_Hornacek|USC Trojans women's volleyball|Q17361156=beach volleyball player;Q1930187=journalist|Q4543=beach volleyball|beach
Q131481469|Lexi Rodriguez|2003-03-11|lexi.rodriguez__|||United States||https://norceca.net/2024%20Events/Final%20Six%202024/Women%20Final%20Six%202024/Bulletins%20WNORF624/BOLETIN-1-2024%20WOMENS%20FINAL%20SIX.pdf|https://en.wikipedia.org/wiki/Lexi_Rodriguez||Q15117302=volleyball player|Q1734=volleyball|intl
Q134486515|Marie Meynckens|2004-07-09|marie.meynckens|||Belgium||https://women.volleybox.net/de/marie-meynckens-p37499/clubs|||Q15117302=volleyball player|Q1734=volleyball|intl
Q134507911|正木七海|2003-07-02|nanami7139|||Japan|||||Q15117302=volleyball player||intl
Q134742426|Merritt Beason|2003-04-16|merbson|merbson|merbson|United States|FIVB database;Volleybox||https://en.wikipedia.org/wiki/Merritt_Beason|Florida Gators women's volleyball;Nebraska Cornhuskers beach volleyball;Nebraska Cornhuskers women's volleyball|Q15117302=volleyball player|Q1734=volleyball|ncaa
Q134880482|Neslihan Turan|1980-07-29|neslihan_turan_lila|||Turkey|||https://en.wikipedia.org/wiki/Neslihan_Turan||Q15117302=volleyball player||intl
Q135234325|Liza Lutter|1992-02-12|lutterliza_ingatlan||lizalutter|Hungary||https://women.volleybox.net/hu/liza-lutter-p16466/clubs|||Q15117302=volleyball player|Q1734=volleyball|intl
Q135235038|Judit Kolada|1992-02-22|juditkolada|||Hungary||https://women.volleybox.net/hu/judit-kolada-p16390/clubs|||Q15117302=volleyball player;Q17361156=beach volleyball player|Q1734=volleyball;Q4543=beach volleyball|beach
Q137995531|Harper Murray|2005-02-24|harpermurrayy|||United States|Volleybox|||Nebraska Cornhuskers women's volleyball|Q15117302=volleyball player|Q1734=volleyball|ncaa
Q138009060|Nikola Kvapilová|1994-04-03|niki_kvapil|||Slovakia|Volleybox||||Q15117302=volleyball player|Q1734=volleyball|intl
Q138018834|Romana Redondo Krišková|1993-05-02|romanakriskova|||Slovakia|FIVB database;Volleybox;WorldofVolley|https://vcuathletics.com/sports/womens-volleyball/roster/romana-kriskova/3005||VCU Rams women's volleyball;Wisconsin Badgers women's volleyball|Q15117302=volleyball player;Q20730881=volleyball coach|Q1734=volleyball|ncaa
Q138393698|Kristína Harmanová|1994-06-30|kiki.liciousss|||Slovakia|Beach Volleyball Database;FIVB database;Volleybox||||Q15117302=volleyball player;Q17361156=beach volleyball player|Q1734=volleyball;Q4543=beach volleyball|beach
Q139321082|Anny Caroliny Ramos|1992-06-27|annycaaroliny|||Brazil|FIVB database;Volleybox;WorldofVolley||||Q15117302=volleyball player|Q1734=volleyball|intl
